{
	"latexarticle": {
		"prefix": "latexarticle",
		"body": [
			"% !TEX TS-program = pdflatex",
			"% !TEX encoding = UTF-8 Unicode\n",
			"% This is a simple template for a LaTeX document using the 'article' class.",
			"% See 'book', 'report', 'letter' for other types of document.\n",
			"\\documentclass[11pt]{article} % use larger type; default would be 10pt\n",
			"\\usepackage[utf8]{inputenc} % set input encoding (not needed with XeLaTeX)\n",
			"%%% Examples of Article customizations\n",
			"% These packages are optional, depending whether you want the features they provide.",
			"% See the LaTeX Companion or other references for full information.\n",
			"%%% PAGE DIMENSIONS\n",
			"\\usepackage{geometry} % to change the page dimensions",
			"\\geometry{a4paper} % or letterpaper (US) or a5paper or....",
			"% \\geometry{margin=2in} % for example, change the margins to 2 inches all round",
			"% \\geometry{landscape} % set up the page for landscape",
			"%   read geometry.pdf for detailed page layout information\n",
			"\\usepackage{graphicx} % support the \\includegraphics command and options\n",
			"% \\usepackage[parfill]{parskip} % Activate to begin paragraphs with an empty line rather than an indent\n",
			"%%% PACKAGES",
			"\\usepackage{booktabs} % for much better looking tables",
			"\\usepackage{array} % for better arrays (eg matrices) in maths",
			"\\usepackage{paralist} % very flexible & customisable lists (eg. enumerate/itemize, etc.)",
			"\\usepackage{verbatim} % adds environment for commenting out blocks of text & for better verbatim",
			"\\usepackage{subfig} % make it possible to include more than one captioned figure/table in a single float",
			"% These packages are all incorporated in the memoir class to one degree or another...\n",
			"%%% HEADERS & FOOTERS",
			"\\usepackage{fancyhdr} % This should be set AFTER setting up the page geometry",
			"\\pagestyle{fancy} % options: empty , plain , fancy",
			"\\renewcommand{\\headrulewidth}{0pt} % customise the layout...",
			"\\lhead{}\\chead{}\\rhead{}",
			"\\lfoot{}\\cfoot{\thepage}\\rfoot{}\n",
			"%%% SECTION TITLE APPEARANCE",
			"\\usepackage{sectsty}",
			"\\allsectionsfont{\\sffamily\\mdseries\\upshape} % (See the fntguide.pdf for font help)",
			"% (This matches ConTeXt defaults)\n",
			"%%% ToC (table of contents) APPEARANCE",
			"\\usepackage[nottoc,notlof,notlot]{tocbibind} % Put the bibliography in the ToC",
			"\\usepackage[titles,subfigure]{tocloft} % Alter the style of the Table of Contents",
			"\\renewcommand{\\cftsecfont}{\\rmfamily\\mdseries\\upshape}",
			"\\renewcommand{\\cftsecpagefont}{\\rmfamily\\mdseries\\upshape} % No bold!\n",
			"%%% END Article customizations\n",
			"%%% The 'real' document content comes below...\n",
			"\\title{Brief Article}",
			"\\author{The Author}",
			"%\\date{} % Activate to display a given date or no date (if empty), % otherwise the current date is printed \n",
			"\\begin{document}",
			"\\maketitle\n",
			"\\section{First section}\n",
			"Your text goes here.\n",
			"\\subsection{A subsection}\n",
			"More text.\n",
			"\\end{document}",
		],
		"description": "LaTeX, basic document, article",
	},

	"latexletter": {
		"prefix": "latexletter",
		"body": [
			"\\documentclass[a4paper,12pt]{letter}\n",
			"% Some of the article customisations are relevant for this class\n",
			"\\name{} % To be used for the return address on the envelope",
			"\\signature{} % Goes after the closing (ie at the end of the letter, with space for a signature)",
			"\\address{Address \\\\\\ of \\\\\\ Sender}",
			"% Alternatively, these may be set on an individual basis within each letter environment.\n",
			"\\makelabels % this command prints envelope labels on the final page of the document\n",
			"\\begin{document}",
			"\\begin{letter}{Name and \\\\\\ Address \\\\\\ of \\\\\\ Receiver}\n",
			"\\opening{} % eg Hello.\n\n\n",
			"\\closing{x} % eg Regards,\n",
			"\\cc{} % people this letter is cc-ed to",
			"\\encl{} % list of anything enclosed",
			"\\ps{} % any post scriptums. ``PS'' labels must be put in manually\n",
			"\\end{letter}",
			"\\end{document}",
		],
		"description": "LaTeX, basic document, letter",
	},

	"latexconference": {
		"prefix": "latexconference",
		"body": [
			"% !TEX TS-program = pdflatex",
			"% !TEX encoding = UTF-8 Unicode\n",
			"% This file is a template using the 'beamer' package to create slides for a talk or presentation",
			"% - Talk at a conference/colloquium.",
			"% - Talk length is about 20min.",
			"% - Style is ornate.\n",
			"% MODIFIED by Jonathan Kew, 2008-07-06",
			"% The header comments and encoding in this file were modified for inclusion with TeXworks.",
			"% The content is otherwise unchanged from the original distributed with the beamer package.\n",
			"\\documentclass{beamer}\n\n",
			"% Copyright 2004 by Till Tantau <tantau@users.sourceforge.net>.",
			"%",
			"% In principle, this file can be redistributed and/or modified under",
			"% the terms of the GNU General Public License, version 2.",
			"%",
			"% However, this file is supposed to be a template to be modified",
			"% for your own needs. For this reason, if you use this file as a",
			"% template and not specifically distribute it as part of a another",
			"% package/program, I grant the extra permission to freely copy and",
			"% modify this file as you see fit and even to delete this copyright",
			"% notice. \n\n",
			"\\mode<presentation>",
			"{",
			"  \\usetheme{Warsaw}",
			"  % or ...\n",
			"  \\setbeamercovered{transparent}",
			"  % or whatever (possibly just delete it)",
			"}\n\n",
			"\\usepackage[english]{babel}",
			"% or whatever\n",
			"\\usepackage[utf8]{inputenc}",
			"% or whatever\n",
			"\\usepackage{times}",
			"\\usepackage[T1]{fontenc}",
			"% Or whatever. Note that the encoding and the font should match. If T1",
			"% does not look nice, try deleting the line with the fontenc.\n\n",
			"\\title[Short Paper Title] % (optional, use only with long paper titles)",
			"{Title As It Is In the Proceedings}\n",
			"\\subtitle",
			"{Include Only If Paper Has a Subtitle}\n",
			"\\author[Author, Another] % (optional, use only with lots of authors)",
			"{F.~Author\\inst{1} \\and S.~Another\\inst{2}}",
			"% - Give the names in the same order as the appear in the paper.",
			"% - Use the \\inst{?} command only if the authors have different",
			"%   affiliation.\n",
			"\\institute[Universities of Somewhere and Elsewhere] % (optional, but mostly needed)",
			"{",
			"  \\inst{1}%",
			"  Department of Computer Science\\",
			"  University of Somewhere",
			"  \\and",
			"  \\inst{2}%",
			"  Department of Theoretical Philosophy\\",
			"  University of Elsewhere}",
			"% - Use the \\inst command only if there are several affiliations.",
			"% - Keep it simple, no one is interested in your street address.\n",
			"\\date[CFP 2003] % (optional, should be abbreviation of conference name)",
			"{Conference on Fabulous Presentations, 2003}",
			"% - Either use conference name or its abbreviation.",
			"% - Not really informative to the audience, more for people (including",
			"%   yourself) who are reading the slides online\n",
			"\\subject{Theoretical Computer Science}",
			"% This is only inserted into the PDF information catalog. Can be left",
			"% out.\n\n\n",
			"% If you have a file called 'university-logo-filename.xxx', where xxx",
			"% is a graphic format that can be processed by latex or pdflatex,",
			"% resp., then you can add a logo as follows:\n",
			"% \\pgfdeclareimage[height=0.5cm]{university-logo}{university-logo-filename}",
			"% \\logo{\\pgfuseimage{university-logo}}\n\n\n",
			"% Delete this, if you do not want the table of contents to pop up at",
			"% the beginning of each subsection:",
			"\\AtBeginSubsection[]",
			"{",
			"  \\begin{frame}<beamer>{Outline}",
			"    \\tableofcontents[currentsection,currentsubsection]",
			"  \\end{frame}",
			"}\n\n",
			"% If you wish to uncover everything in a step-wise fashion, uncomment",
			"% the following command:\n",
			"%\\beamerdefaultoverlayspecification{<+->}\n\n",
			"\\begin{document}\n",
			"\\begin{frame}",
			"  \\titlepage",
			"\\end{frame}\n",
			"\\begin{frame}{Outline}",
			"  \\tableofcontents",
			"  % You might wish to add the option [pausesections]",
			"\\end{frame}\n\n",
			"% Structuring a talk is a difficult task and the following structure",
			"% may not be suitable. Here are some rules that apply for this",
			"% solution:\n",
			"% - Exactly two or three sections (other than the summary).",
			"% - At *most* three subsections per section.",
			"% - Talk about 30s to 2min per frame. So there should be between about",
			"%   15 and 30 frames, all told.\n",
			"% - A conference audience is likely to know very little of what you",
			"%   are going to talk about. So *simplify*!",
			"% - In a 20min talk, getting the main ideas across is hard",
			"%   enough. Leave out details, even if it means being less precise than",
			"%   you think necessary.",
			"% - If you omit details that are vital to the proof/implementation,",
			"%   just say so once. Everybody will be happy with that.\n",
			"\\section{Motivation}\n",
			"\\subsection{The Basic Problem That We Studied}\n",
			"\\begin{frame}{Make Titles Informative. Use Uppercase Letters.}{Subtitles are optional.}",
			"  % - A title should summarize the slide in an understandable fashion",
			"  %   for anyone how does not follow everything on the slide itself.\n",
			"  \\begin{itemize}",
			"  \\item",
			"    Use \\texttt{itemize} a lot.",
			"  \\item",
			"    Use very short sentences or short phrases.",
			"  \\end{itemize}",
			"\\end{frame}\n",
			"\\begin{frame}{Make Titles Informative.}\n",
			"  You can create overlays\\dots",
			"  \\begin{itemize}",
			"  \\item using the \\texttt{pause} command:",
			"    \\begin{itemize}",
			"    \\item",
			"      First item.",
			"      \\pause",
			"    \\item    ",
			"      Second item.",
			"    \\end{itemize}",
			"  \\item",
			"    using overlay specifications:",
			"    \\begin{itemize}",
			"    \\item<3->",
			"      First item.",
			"    \\item<4->",
			"      Second item.",
			"    \\end{itemize}",
			"  \\item",
			"    using the general \\texttt{uncover} command:",
			"    \\begin{itemize}",
			"      \\uncover<5->{\\item",
			"        First item.}",
			"      \\uncover<6->{\\item",
			"        Second item.}",
			"    \\end{itemize}",
			"  \\end{itemize}",
			"\\end{frame}\n\n",
			"\\subsection{Previous Work}\n",
			"\\begin{frame}{Make Titles Informative.}",
			"\\end{frame}\n",
			"\\begin{frame}{Make Titles Informative.}",
			"\\end{frame}\n\n\n",
			"\\section{Our Results/Contribution}\n",
			"\\subsection{Main Results}\n",
			"\\begin{frame}{Make Titles Informative.}",
			"\\end{frame}\n",
			"\\begin{frame}{Make Titles Informative.}",
			"\\end{frame}\n\n",
			"\\begin{frame}{Make Titles Informative.}",
			"\\end{frame}\n\n",
			"\\subsection{Basic Ideas for Proofs/Implementation}\n",
			"\\begin{frame}{Make Titles Informative.}",
			"\\end{frame}\n",
			"\\begin{frame}{Make Titles Informative.}",
			"\\end{frame}\n",
			"\\begin{frame}{Make Titles Informative.}",
			"\\end{frame}\n\n\n",
			"\\section*{Summary}\n",
			"\\begin{frame}{Summary}\n",
			"  % Keep the summary *very short*.",
			"  \\begin{itemize}",
			"  \\item",
			"    The \\alert{first main message} of your talk in one or two lines.",
			"  \\item",
			"    The \\alert{second main message} of your talk in one or two lines.",
			"  \\item",
			"    Perhaps a \\alert{third message}, but not more than that.",
			"  \\end{itemize}\n  ",
			"  % The following outlook is optional.",
			"  \\vskip0pt plus.5fill",
			"  \\begin{itemize}",
			"  \\item",
			"    Outlook",
			"    \\begin{itemize}",
			"    \\item",
			"      Something you haven't solved.",
			"    \\item",
			"      Something else you haven't solved.",
			"    \\end{itemize}",
			"  \\end{itemize}",
			"\\end{frame}\n\n\n",
			"% All of the following is optional and typically not needed. ",
			"\\appendix",
			"\\section<presentation>*{\\appendixname}",
			"\\subsection<presentation>*{For Further Reading}\n",
			"\\begin{frame}[allowframebreaks]",
			"  \\frametitle<presentation>{For Further Reading}\n",
			"  \\begin{thebibliography}{10}\n    ",
			"  \\beamertemplatebookbibitems",
			"  % Start with overview books.\n",
			"  \\bibitem{Author1990}",
			"    A.~Author.",
			"    \\newblock {\\em Handbook of Everything}.",
			"    \\newblock Some Press, 1990.\n\n    ",
			"  \\beamertemplatearticlebibitems",
			"  % Followed by interesting articles. Keep the list short.\n",
			"  \\bibitem{Someone2000}",
			"    S.~Someone.",
			"    \\newblock On this and that.",
			"    \\newblock {\\em Journal of This and That}, 2(1):50--100,",
			"    2000.",
			"  \\end{thebibliography}",
			"\\end{frame}\n",
			"\\end{document}",
		],
		"description": "LaTeX, beamer presentation, conference",
	},
	
	"latexgeneric": {
		"prefix": "latexgeneric",
		"body": [
			"% !TEX TS-program = pdflatex",
			"% !TEX encoding = UTF-8 Unicode\n",
			"% This file is a template using the 'beamer' package to create slides for a talk or presentation",
			"% - Giving a talk on some subject.",
			"% - The talk is between 15min and 45min long.",
			"% - Style is ornate.\n",
			"% MODIFIED by Jonathan Kew, 2008-07-06",
			"% The header comments and encoding in this file were modified for inclusion with TeXworks.",
			"% The content is otherwise unchanged from the original distributed with the beamer package.\n",
			"\\documentclass{beamer}\n\n",
			"% Copyright 2004 by Till Tantau <tantau@users.sourceforge.net>.",
			"%",
			"% In principle, this file can be redistributed and/or modified under",
			"% the terms of the GNU General Public License, version 2.",
			"%",
			"% However, this file is supposed to be a template to be modified",
			"% for your own needs. For this reason, if you use this file as a",
			"% template and not specifically distribute it as part of a another",
			"% package/program, I grant the extra permission to freely copy and",
			"% modify this file as you see fit and even to delete this copyright",
			"% notice. \n\n",
			"\\mode<presentation>",
			"{",
			"  \\usetheme{Warsaw}",
			"  % or ...\n",
			"  \\setbeamercovered{transparent}",
			"  % or whatever (possibly just delete it)",
			"}\n\n",
			"\\usepackage[english]{babel}",
			"% or whatever\n",
			"\\usepackage[utf8]{inputenc}",
			"% or whatever\n",
			"\\usepackage{times}",
			"\\usepackage[T1]{fontenc}",
			"% Or whatever. Note that the encoding and the font should match. If T1",
			"% does not look nice, try deleting the line with the fontenc.\n\n",
			"\\title[Short Paper Title] % (optional, use only with long paper titles)",
			"{Presentation Title}\n",
			"\\subtitle",
			"{Presentation Subtitle} % (optional)\n",
			"\\author[Author, Another] % (optional, use only with lots of authors)",
			"{F.~Author\\inst{1} \\and S.~Another\\inst{2}}",
			"% - Use the \\inst{?} command only if the authors have different",
			"%   affiliation.\n",
			"\\institute[Universities of Somewhere and Elsewhere] % (optional, but mostly needed)",
			"{",
			"  \\inst{1}%",
			"  Department of Computer Science\\\\",
			"  University of Somewhere",
			"  \\and",
			"  \\inst{2}%",
			"  Department of Theoretical Philosophy\\\\",
			"  University of Elsewhere}",
			"% - Use the \\inst command only if there are several affiliations.",
			"% - Keep it simple, no one is interested in your street address.\n",
			"\\date[Short Occasion] % (optional)",
			"{Date / Occasion}\n",
			"\\subject{Talks}",
			"% This is only inserted into the PDF information catalog. Can be left",
			"% out. \n\n\n",
			"% If you have a file called 'university-logo-filename.xxx', where xxx",
			"% is a graphic format that can be processed by latex or pdflatex,",
			"% resp., then you can add a logo as follows:\n",
			"% \\pgfdeclareimage[height=0.5cm]{university-logo}{university-logo-filename}",
			"% \\logo{\\pgfuseimage{university-logo}}\n\n\n",
			"% Delete this, if you do not want the table of contents to pop up at",
			"% the beginning of each subsection:",
			"\\AtBeginSubsection[]",
			"{",
			"  \\begin{frame}<beamer>{Outline}",
			"    \\tableofcontents[currentsection,currentsubsection]",
			"  \\end{frame}",
			"}\n\n",
			"% If you wish to uncover everything in a step-wise fashion, uncomment",
			"% the following command: \n",
			"%\\beamerdefaultoverlayspecification{<+->}\n\n",
			"\\begin{document}\n",
			"\\begin{frame}",
			"  \\titlepage",
			"\\end{frame}\n",
			"\\begin{frame}{Outline}",
			"  \\tableofcontents",
			"  % You might wish to add the option [pausesections]",
			"\\end{frame}\n\n",
			"% Since this a solution template for a generic talk, very little can",
			"% be said about how it should be structured. However, the talk length",
			"% of between 15min and 45min and the theme suggest that you stick to",
			"% the following rules:\n",
			"% - Exactly two or three sections (other than the summary).",
			"% - At *most* three subsections per section.",
			"% - Talk about 30s to 2min per frame. So there should be between about",
			"%   15 and 30 frames, all told.\n",
			"\\section{Introduction}\n",
			"\\subsection[Short First Subsection Name]{First Subsection Name}\n",
			"\\begin{frame}{Make Titles Informative. Use Uppercase Letters.}{Subtitles are optional.}",
			"  % - A title should summarize the slide in an understandable fashion",
			"  %   for anyone how does not follow everything on the slide itself.\n",
			"  \\begin{itemize}",
			"  \\item",
			"    Use \\texttt{itemize} a lot.",
			"  \\item",
			"    Use very short sentences or short phrases.",
			"  \\end{itemize}",
			"\\end{frame}\n",
			"\\begin{frame}{Make Titles Informative.}\n",
			"  You can create overlays\\dots",
			"  \\begin{itemize}",
			"  \\item using the \\texttt{pause} command:",
			"    \\begin{itemize}",
			"    \\item",
			"      First item.",
			"      \\pause",
			"    \\item    ",
			"      Second item.",
			"    \\end{itemize}",
			"  \\item",
			"    using overlay specifications:",
			"    \\begin{itemize}",
			"    \\item<3->",
			"      First item.",
			"    \\item<4->",
			"      Second item.",
			"    \\end{itemize}",
			"  \\item",
			"    using the general \\texttt{uncover} command:",
			"    \\begin{itemize}",
			"      \\uncover<5->{\\item",
			"        First item.}",
			"      \\uncover<6->{\\item",
			"        Second item.}",
			"    \\end{itemize}",
			"  \\end{itemize}",
			"\\end{frame}\n\n",
			"\\subsection{Second Subsection}\n",
			"\\begin{frame}{Make Titles Informative.}",
			"\\end{frame}\n",
			"\\begin{frame}{Make Titles Informative.}",
			"\\end{frame}\n\n\n",
			"\\section*{Summary}\n",
			"\\begin{frame}{Summary}\n",
			"  % Keep the summary *very short*.",
			"  \\begin{itemize}",
			"  \\item",
			"    The \\alert{first main message} of your talk in one or two lines.",
			"  \\item",
			"    The \\alert{second main message} of your talk in one or two lines.",
			"  \\item",
			"    Perhaps a \\alert{third message}, but not more than that.",
			"  \\end{itemize}\n  ",
			"  % The following outlook is optional.",
			"  \\vskip0pt plus.5fill",
			"  \\begin{itemize}",
			"  \\item",
			"    Outlook",
			"    \\begin{itemize}",
			"    \\item",
			"      Something you haven't solved.",
			"    \\item",
			"      Something else you haven't solved.",
			"    \\end{itemize}",
			"  \\end{itemize}",
			"\\end{frame}\n\n",
			"\\end{document}",
		],
		"description": "LaTeX, beamer presentation, generic",
	},
	
	"latexspeaker": {
		"prefix": "latexspeaker",
		"body": [
			"% !TEX TS-program = pdflatex",
			"% !TEX encoding = UTF-8 Unicode\n",
			"% This file is a template using the 'beamer' package to create slides for a talk or presentation",
			"% - Introducing another speaker.",
			"% - Talk length is about 2min.",
			"% - Style is ornate.\n",
			"% MODIFIED by Jonathan Kew, 2008-07-06",
			"% The header comments and encoding in this file were modified for inclusion with TeXworks.",
			"% The content is otherwise unchanged from the original distributed with the beamer package.\n\n",
			"\\documentclass{beamer}\n",
			"% Copyright 2004 by Till Tantau <tantau@users.sourceforge.net>.",
			"%",
			"% In principle, this file can be redistributed and/or modified under",
			"% the terms of the GNU General Public License, version 2.",
			"%",
			"% However, this file is supposed to be a template to be modified",
			"% for your own needs. For this reason, if you use this file as a",
			"% template and not specifically distribute it as part of a another",
			"% package/program, the author grants the extra permission to freely",
			"% copy and  modify this file as you see fit and even to delete this",
			"% copyright notice. \n",
			"\\setbeamertemplate{background canvas}[vertical shading][bottom=white,top=structure.fg!25]",
			"% or whatever",
			"\\usetheme{Warsaw}",
			"\\setbeamertemplate{headline}{}",
			"\\setbeamertemplate{footline}{}",
			"\\setbeamersize{text margin left=0.5cm}\n  ",
			"\\usepackage[english]{babel}",
			"% or whatever\n",
			"\\usepackage[utf8]{inputenc}",
			"% or whatever\n",
			"\\usepackage{times}",
			"\\usepackage[T1]{fontenc}",
			"% Or whatever. Note that the encoding and the font should match. If T1",
			"% does not look nice, try deleting the line with the fontenc.\n\n\n",
			"\\begin{document}\n",
			"\\begin{frame}{Speaker's Name}{About Our Next Speaker}\n",
			"  \\begin{itemize}",
			"  \\item",
			"    Current affiliation of Speaker's Name\n",
			"    % Examples:",
			"    \\begin{itemize}",
			"    \\item",
			"      Professor of mathematics, University of Wherever.",
			"    \\item",
			"      Junior partner at company X.",
			"    \\item",
			"      Speaker for organization/project X.",
			"    \\end{itemize}",
			"  \\item",
			"    Experience and achievements",
			"    % Optional. Use this if it is appropriate to slightly flatter the",
			"    % speaker, for example if the speaker has been invited. ",
			"    % Using subitems, list things that make the speaker look",
			"    % interesting and competent.\n",
			"    % Examples:",
			"    \\begin{itemize}",
			"    \\item",
			"      Academic degree, but only if appropriate",
			"    \\item",
			"      Current and/or previous positions, possibly with dates",
			"    \\item",
			"      Publications (possibly just number of publications)",
			"    \\item",
			"      Awards, prizes",
			"    \\end{itemize}",
			"  \\item",
			"    Concerning today's talk",
			"    % Optional. Use this to point out specific experiences/knowledge",
			"    % of the speaker that are important for the talk and that do not",
			"    % follow from the above.\n",
			"    % Examples:",
			"    \\begin{itemize}",
			"    \\item",
			"      Expert who has worked in the field/project for X month/years.",
			"    \\item",
			"      Will present his/her/group's/company's research on the subject.",
			"    \\item",
			"      Will summarize project report or current project status.",
			"    \\end{itemize}",
			"  \\end{itemize}  ",
			"\\end{frame}\n",
			"\\end{document}",
		],
		"description": "LaTeX, beamer presentation, speaker",
	},
	
	"latexkoma": {
		"prefix": "latexkoma",
		"body": [
			"% !TEX TS-program = pdflatex",
			"% !TEX encoding = UTF-8 Unicode\n",
			"% An alternative to the standard LaTeX letter class.\n",
			"\\documentclass[fontsize=12pt, paper=a4]{scrlttr2}\n",
			"% Don't forget to read the KOMA-Script documentation, scrguien.pdf\n",
			"\\usepackage[utf8]{inputenc}\n",
			"\\setkomavar{fromname}{} % your name",
			"\\setkomavar{fromaddress}{Address \\ of \\ Sender}\n",
			"\\setkomavar{signature}{} % printed after the \\closing",
			"\\renewcommand{\\raggedsignature}{\\raggedright} % make the signature ragged right\n",
			"\\setkomavar{subject}{} % subject of the letter\n",
			"\\begin{document}",
			"\\begin{letter}{Name and \\ Address \\ of \\ Recipient}\n",
			"\\opening{}  % eg. Hello\n\n\n",
			"\\closing{} %eg. Regards\n",
			"\\end{letter}",
			"\\end{document}",
		],
		"description": "LaTeX, beamer presentation, koma",
	},

	"latextoc": {
		"prefix": "latextoc",
		"body": [
			"\\pagenumbering{roman}",
			"\\tableofcontents",
			"\\newpage",
			"\\pagenumbering{arabic}",
		],
		"description": "LaTeX, table of content",
	},

	"latexsetup": {
		"prefix": "latexsetup",
		"body": [
			"% !TEX TS-program = pdflatex",
			"% !TEX encoding = UTF-8 Unicode\n",
			"\\documentclass{article}",
			"\\usepackage[utf8]{inputenc}",
			"\\usepackage[T1]{fontenc}",
			"\\usepackage{geometry}",
			"\\geometry{a4paper}",
			"\\usepackage{graphicx}",
			"\\usepackage{natbib}",
			"\\usepackage{color}",
			"\\bibliographystyle{plain}",
			"\\usepackage[frenchb]{babel}\n",
			"\\begin{document}",
			"\\title{hello world}",
			"\\author{ZL}",
			"\\date{\\today}",
			"\\maketitle",
			"$0",
			"\n\n\n",
			"\\end{document}",
		],
		"description": "LaTeX, basic setup",
	},

	"latexfigure": {
		"prefix": "latexfigure",
		"body": [
			"\\begin{figure}[h]",
			"\\centering",
			"\\includegraphics[width=1\\textwidth]{myimage}",
			"\\caption{Here is my image}",
			"\\label{image-myimage}",
			"\\end{figure}",
		],
		"description": "LaTeX, Figure",
	},
	
	"latexmemoir": {
		"prefix": "latexmemoir",
		"body": [
			// "% !TEX TS-program = pdflatex",
			// "% !TEX encoding = UTF-8 Unicode\n",
			// "% Example of the Memoir class, an alternative to the default LaTeX classes such as article and book, with many added features built into the class itself.\n",
			// "%\\documentclass[12pt,a4paper]{memoir} % for a long document",
			// "\\documentclass[12pt,a4paper,article]{memoir} % for a short document\n",
			// "\\usepackage[utf8]{inputenc} % set input encoding to utf8\n",
			// "% Don't forget to read the Memoir manual: memman.pdf\n",
			// "%%% Examples of Memoir customization",
			// "%%% enable, disable or adjust these as desired\n",
			// "%%% PAGE DIMENSIONS",
			// "% Set up the paper to be as close as possible to both A4 & letter:",
			// "\\settrimmedsize{11in}{210mm}{*} % letter = 11in tall; a4 = 210mm wide",
			// "\\setlength{\\trimtop}{0pt}",
			// "\\setlength{\\trimedge}{\\stockwidth}",
			// "\\addtolength{\\trimedge}{-\\paperwidth}",
			// "\\settypeblocksize{*}{\\lxvchars}{1.618} % we want to the text block to have golden proportionals",
			// "\\setulmargins{50pt}{*}{*} % 50pt upper margins",
			// "\\setlrmargins{*}{*}{1.618} % golden ratio again for left/right margins",
			// "\\setheaderspaces{*}{*}{1.618}",
			// "\\checkandfixthelayout ",
			// "% This is from memman.pdf\n",
			// "%%% \\maketitle CUSTOMISATION",
			// "% For more than trivial changes, you may as well do it yourself in a titlepage environment",
			// "\\pretitle{\\begin{center}\\sffamily\\huge\\MakeUppercase}",
			// "\\posttitle{\\par\\end{center}\\vskip 0.5em}\n",
			// "%%% ToC (table of contents) APPEARANCE",
			// "\\maxtocdepth{subsection} % include subsections",
			// "\\renewcommand{\\cftchapterpagefont}{}",
			// "\\renewcommand{\\cftchapterfont}{}     % no bold!\n",
			// "%%% HEADERS & FOOTERS",
			// "\\pagestyle{ruled} % try also: empty , plain , headings , ruled , Ruled , companion\n",
			// "%%% CHAPTERS",
			// "\\chapterstyle{hangnum} % try also: default , section , hangnum , companion , article, demo\n",
			// "\\renewcommand{\\chaptitlefont}{\\Huge\\sffamily\\raggedright} % set sans serif chapter title font",
			// "\\renewcommand{\\chapnumfont}{\\Huge\\sffamily\\raggedright} % set sans serif chapter number font\n",
			// "%%% SECTIONS",
			// "\\hangsecnum % hang the section numbers into the margin to match \\chapterstyle{hangnum}",
			// "\\maxsecnumdepth{subsection} % number subsections\n",
			// "\\setsecheadstyle{\\Large\\sffamily\\raggedright} % set sans serif section font",
			// "\\setsubsecheadstyle{\\large\\sffamily\\raggedright} % set sans serif subsection font\n",
			// "%% END Memoir customization\n",
			// "\\title{}",
			// "\\author{}",
			// "\\date{} % Delete this line to display the current date\n",
			// "%%% BEGIN DOCUMENT",
			// "\\begin{document}\n",
			// "\\maketitle",
			// "\\tableofcontents* % the asterisk means that the contents itself isn't put into the ToC\n",
			// "\\chapter{}",
			// "\\section{}",
			// "\\subsection{}\n",
			// "\\end{document}",
		],
		"description": "LaTeX, beamer presentation, memoir",
	},
}