{
	"mdstruct": {
		"prefix": "mdstruct",
		"body": [
			"# Software Development Document\n",
			"## Table of Contents\n",
			"- [Introduction](#introduction)",
			"- [Requirements](#requirements)",
			"- [Design](#design)",
			"- [Implementation](#implementation)",
			"- [Testing](#testing)",
			"- [Deployment](#deployment)",
			"- [Maintenance](#maintenance)",
			"- [Changelog](#changelog)",
			"- [Version](#version)",
			"- [Author](#author)",
			"- [License](#license)",
			"- [Conclusion](#conclusion)\n",
			"## Introduction\n",
			"In this section, provide an overview of the software project. Include information about the purpose of the software, its intended audience, and any relevant background information.\n",
			"## Requirements\n",
			"Describe the functional and non-functional requirements of the software. This section should outline what the software should do and any constraints or limitations it must adhere to.\n",
			"## Design\n",
			"Explain the high-level design of the software. This can include architectural diagrams, data flow diagrams, and any other relevant design documentation. Describe the overall structure of the software and how different components interact with each other.\n",
			"## Implementation\n",
			"Provide details about the implementation of the software. This can include information about the programming languages, frameworks, and libraries used. Explain any important algorithms or data structures employed in the software.\n",
			"## Testing\n",
			"Describe the testing approach for the software. This section should include information about unit tests, integration tests, and any other types of testing performed. Explain the tools and frameworks used for testing and provide examples of test cases.\n",
			"## Deployment\n",
			"Explain how the software is deployed and made available to users. Include information about the deployment environment, any required dependencies, and the steps to install and configure the software.\n",
			"## Maintenance\n",
			"Outline the ongoing maintenance and support activities for the software. This can include information about bug fixes, updates, and user support. Describe any processes or tools used for maintaining the software.\n",
			"## Changelog\n",
			"List the changes made to the software in chronological order. Include the date and a brief description of each change.\n",
			"## Version\n",
			"Current version: [Version X.Y.Z]\n",
			"## Author\n",
			"Provide information about the author or authors of the software.\n",
			"## License\n",
			"Specify the license under which the software is distributed. Include any relevant terms and conditions.\n",
			"## Conclusion\n",
			"Summarize the software development document and provide any closing remarks. Include any future plans or improvements for the software.\n",
		],
		"description": "markdown, software development document structure",
	},

	"mdtest": {
		"prefix": "mdtest",
		"body": [
			"### Test Cases\n",
			"#### Test Case 1: [Description of the test case]\n",
			"- **Preconditions:** [Any necessary preconditions for the test]",
			"- **Steps:** [Step-by-step instructions for executing the test]",
			"- **Expected Result:** [The expected outcome of the test]\n",
			"#### Test Case 2: [Description of another test case]\n",
			"- **Preconditions:** [Any necessary preconditions for the test]",
			"- **Steps:** [Step-by-step instructions for executing the test]",
			"- **Expected Result:** [The expected outcome of the test]\n",
			"### Test Results\n",
			"#### Test Result 1: [Description of the test case]\n",
			"- **Result:** [Pass/Fail]",
			"- **Actual Result:** [The observed outcome of the test]",
			"- **Notes:** [Any additional notes or observations about the test]\n",
			"#### Test Result 2: [Description of another test case]\n",
			"- **Result:** [Pass/Fail]",
			"- **Actual Result:** [The observed outcome of the test]",
			"- **Notes:** [Any additional notes or observations about the test]\n",
		],
		"description": "markdown, test, reference",
	},

	"mddeploy": {
		"prefix": "mddeploy",
		"body": [
			"1. **Step 1:** Description of the first deployment step.",
			"2. **Step 2:** Description of the second deployment step.",
			"3. **Step 3:** Description of the third deployment step.",
			"4. **Step 4:** Description of the fourth deployment step.\n",			
		],
		"description": "markdown, deployment, reference",
	},

	"mdmaintain": {
		"prefix": "mdmaintain",
		"body": [
			"### [Date]\n",
			"- **Task 1:** Description of the maintenance task performed.",
			"- **Task 2:** Description of another maintenance task performed.",
			"- **Task 3:** Description of a new maintenance task performed.\n",
		],
		"description": "markdown, maintain, reference",
	},

	"mdrequire": {
		"prefix": "mdrequire",
		"body": [
			"### Functional Requirements\n",
			"1. [Requirement 1]: [Description of the requirement]",
			"2. [Requirement 2]: [Description of the requirement]",
			"3. [Requirement 3]: [Description of the requirement]\n",
			"### Non-Functional Requirements\n",
			"1. [Requirement 1]: [Description of the requirement]",
			"2. [Requirement 2]: [Description of the requirement]",
			"3. [Requirement 3]: [Description of the requirement]\n",
		],
		"description": "markdown, requirements, general format",
	},

	"mdchangelog": {
		"prefix": "mdchangelog",
		"body": [
			"### [Version X.Y.Z] - YYYY-MM-DD\n",
			"- [Change 1]: [Description of the change]",
			"- [Change 2]: [Description of the change]",
			"- [Change 3]: [Description of the change]\n",
		],
		"description": "markdown, changelong, general format",
	},

	"mdversion": {
		"prefix": "mdversion",
		"body": [
			"[Version ${1:X}.${2:Y}.${3:Z}]-${4:alpha}+${5:001}",
		],
		"description": "markdown, version convention, X: major, y: minor, z:patch, alpha: pre-release, 001: Build metadata",
	},

	"mdtable": {
		"prefix": "mdtable",
		"body": [
			"| col1 | col2 | col3 |",
			"|------|:----:|-----:|",
			"| x    |  1   |  2   |",
			"| y    |  1   |  2   |",
			"| z    |  1   |  3   |",
		],
		"description": "markdown, table, general form",
	},

	"mdlink": {
		"prefix": "mdlink",
		"body": [
			"[Text to sub-heading](#text-of-the-subheading)",
		],
		"description": "markdown, internal or external or anchor link syntax",
	},

	"mdimg": {
		"prefix": "mdimg",
		"body": [
			"<img src='${1:IMAGE_URL_HERE}' alt='${2:alt_text}' title='${3:image_title}'  width='${4:300}' height='${5:300}'>",
		],
		"description": "markdown, insert image",
	},

	"mdvid": {
		"prefix": "mdvid",
		"body": [
			"<video src='${1:path/to/video.mp4}' width='${2:320}' height='${3:240}' controls></video>",
			"[![${1:alt_text}](${2:https://img.youtube.com/vi/video-id/0.jpg})](${3:https://www.youtube.com/watch?v=video-id})",
		],
		"description": "markdown, embed video by HTML video tag or markdown syntax",
	},

	"mdiframe": {
		"prefix": "mdiframe",
		"body": [
			"<iframe width='${1:560}' height='${2:315}' src='${3:https://www.youtube.com/embed/video-id}' frameborder='0' allow='accelerometer; autoplay; clipboard-write; encrypted-media; gyroscope; picture-in-picture' allowfullscreen></iframe>"
		],
		"description": "markdown, embed video by iframe tag",
	},

	"mdlatex": {
		"prefix": "mdlatex",
		"body": [
			"<script",
			"\tsrc='https://cdn.mathjax.org/mathjax/latest/MathJax.js?config=TeX-AMS-MML_HTMLorMML'",
			"\ttype='text/javascript'>",
			"</script>\n",			
		],
		"description": "markdown, enable LaTex with the support from MathJax (Jupyter notebooks come with enabled MathJAX support by default), link: https://www.fabriziomusacchio.com/blog/2021-08-10-How_to_use_LaTeX_in_Markdown/",
	},

}