{
	"qsifmain": {
		"prefix": "ifmain",
		"body": [
			"def main() -> None:",
			"\tpass$0\n",
			"if __name__ == '__main__':",
			"\tmain()"
		],
		"description": "if __name__ == '__main__'",
	},

	"qselif": {
		"prefix": "qselif",
		"body": [
			"if ${1:condi}:",
			"\t$2",
			"elif ${3:condi}:",
			"\t$4",
			"else:",
			"\t$5",
		],
		"description": "if elif else",
	},
	
	"qsifelse": {
		"prefix": "qsifelse",
		"body": [
			"if ${1:condi}:",
			"\t$2",
			"else:",
			"\t$3",
		],
		"description": "if else",
	},
	
	"qsif": {
		"prefix": "qsif",
		"body": [
			"if ${1:condi}:",
			"\t$2",
		],
		"description": "if",
	},

	"qsfori": {
		"prefix": "qsfori",
		"body": [
			"for ${1:i} in ${2:collection}:",
			"\t$3",
		],
		"description": "fori",
	},

	"qsforr": {
		"prefix": "qsforr",
		"body": [
			"for ${1:i} in ${2:collection}[::-1]:",
			"\t$3",
		],
		"description": "for reverse",
	},

	"qswhile": {
		"prefix": "qswhile",
		"body": [
			"while ${1:condi}:",
			"\t$2",
		],
		"description": "if __name__ == '__main__'",
	},

	"qstryc": {
		"prefix": "qstryc",
		"body": [
			"try:",
			"\t$1",
			"except Exception as ex:",
			"\t$2",
		],
		"description": "try...except...",
	},

	"qstrycf": {
		"prefix": "qstrycf",
		"body": [
			"try:",
			"\t$1",
			"except Exception as ex:",
			"\t$2",
			"finally:",
			"\t$3"
		],
		"description": "try...except...finally",
	},

	"qstryf": {
		"prefix": "qstryf",
		"body": [
			"try:",
			"\t$1",
			"finally:",
			"\t$2",
		],
		"description": "try...finally...",
	},

	"qstrans": {
		"prefix": "qstrans",
		"body": [
			"tbl = str.maketrans('abc', 'xyz')",
			"${1:txt}.translate(tbl)",
		],
		"description": "string, translate",
	},

	"qstuple": {
		"prefix": "qstuple",
		"body": [
			"${1:MyTuple} = namedtuple('$1', '${2:field1} ${3:field2}')",
		],
		"description": "namedtuple, or record in Java / C#",
	},

	"qsexpired": {
		"prefix": "qsexpired",
		"body": [
			"def is_expired(expired_date='${1:Sep 1 2020} 8:00AM') -> bool:",
			"\tend = datetime.datetime.strptime(expired_date,'%b %d %Y %I:%M%p')",
			"\tnow = datetime.datetime.now()",
			"\treturn (now - end) > datetime.timedelta(days=1)",
		],
		"description": "is_expired(...)",
	},

	"qsauthorized": {
		"prefix": "qsauthorized",
		"body": [
			"def is_authorized(authorized_users: list[str]) -> bool:",
			"\treturn getpass.getuser() in authorized_users",
		],
		"description": "is_authorized(...)",
	},

	"qsdialog": {
		"prefix": "qsdialog",
		"body": [
			"root = tk.Tk()",
			"root.withdraw()",
			"fd_path = filedialog.askdirectory()",
			"if os.path.isdir(fd_path):",
			"\t${1:...}",
			"root.destroy()",
		],
		"description": "tkinter.filedialog.askdirectory(...)",
	},

	"qsllog": {
		"prefix": "qsllog",
		"body": [
			"logging.basicConfig(level=logging.INFO, format='%(asctime)s %(message)s')",
		],
		"description": "logging, basicConfig, ZL",
	},

	"qsclass": {
		"prefix": "qsclass",
		"body": [
			"@dataclass(",
			"\tinit=True,",
			"\trepr=True,",
			"\teq=True,",
			"\torder=False,",
			"\tunsafe_hash=False,",
			"\tfrozen=False,",
			"\tmatch_args=True,",
			"\tkw_only=False,",
			"\tslots=False,",
			"\tweakref_slot=False)",
			"class ${1:MyClass}:",
			"\tx: T",
			"\ty: U = field(default_factory=list, init=True, repr=False, hash=True, compare=True)",
			"\tz: V = field(repr=False, default=3.14)",
		],
		"description": "class construction, dataclass",
	},

	"qstimer": {
		"prefix": "qstimer",
		"body": [
			"DEFAULT_FMT: str = '[{elapsed:0.8f}s] {name}(...) -> {result}'\n",
			"def timer(fmt: str=DEFAULT_FMT) -> Callable[P, T]:",
			"\tdef decorator(func: Callable[P, T]) -> Callable[P, T]:",
			"\t\t@functools.wraps(func)",
			"\t\tdef timed(*args: P.args, **kwargs: P.kwargs) -> T:",
			"\t\t\tstart  : float = time.time()",
			"\t\t\t_result: T     = func(*args, **kwargs)",
			"\t\t\telapsed: float = time.time() - start",
			"\t\t\tname:    str   = func.__name__",
			"\t\t\tresult:  str   = repr(_result)",
			"\t\t\tlogging.info(fmt.format(**locals()))",
			"\t\t\treturn _result",
			"\t\treturn timed",
			"\treturn decorator\n",
		],
		"description": "timer, ZL",
	},

	"qsexcel": {
		"prefix": "qsexcel",
		"body": [
			"@contextlib.contextmanager",
			"def OpenExcel() -> None:",
			"\t'''return excel application object\n",
			"\tYields:",
			"\t\t[type]: excel application object\n",
			"\tRef link: https://stackoverflow.com/questions/19616205/running-an-excel-macro-via-python",
			"\t'''",
			"\texcel = win32com.client.Dispatch('Excel.Application')",
			"\texcel.Visible = False",
			"\ttry:",
			"\t\tyield excel",
			"\tfinally:",
			"\t\t# excel.Application.Save() # if you want to save then uncomment this line and change delete the ', ReadOnly=1' part from the open function.",
			"\t\texcel.Application.Quit()",
			"\t\tdel excel\n",
			"@contextlib.contextmanager",
			"def OpenWorkbook(excel, xl_file) -> None:",
			"\t'''return workbook object via excel application\n",
			"\tArgs:",
			"\t\texcel ([type]): excel application object",
			"\t\txl_file ([type]): excel file(*.xlsm) that contains macro\n",
			"\tYields:",
			"\t\t[type]: workbook object\n",
			"\tRef link: https://stackoverflow.com/questions/49904045/win32com-save-as-variable-name-in-python-3-6",
			"\t'''",
			"\txl_file  = os.path.expanduser(xl_file)",
			"\tworkbook = excel.Workbooks.Open(Filename=xl_file, ReadOnly=1)",
			"\ttry:",
			"\t\tyield workbook",
			"\tfinally:",
			"\t\t# workbook.Save()",
			"\t\tworkbook.Close(False)\n",
			"def call_vba_macro(xl_file: str, macro_name: str) -> None:",
			"\t'''call vba macro to complement miss data and summarize inputs, due to time efficiency",
			"\tvba is much faster than python + xlrd",
			"\t'''",
			"\tmacro_addr = '\\'{0}\\'!{1}'.format(xl_file, macro_name)",
			"\tif os.path.exists(xl_file):",
			"\t\twith OpenExcel() as excel:",
			"\t\t\ttry:",
			"\t\t\t\twith OpenWorkbook(excel, xl_file) as workbook:",
			"\t\t\t\t\t# possible workbook usage",
			"\t\t\t\t\texcel.Application.Run(macro_addr) # run macro in the workbook",
			"\t\t\texcept Exception as e:",
			"\t\t\t\t# print(xl_file)",
			"\t\t\t\ttraceback.print_exc()",
		],
		"description": "Python interacts with MS Excel including open, run vba macros etc",
	},

	"qsdeprecated": {
		"prefix": "qsdeprecated",
		"body": [
			"def deprecated(message: str, stacklevel: int=2) -> Callable[..., Any]:",
			"\tdef _wrapper(func: Callable[..., Any]) -> Callable[..., Any]:",
			"\t\t@wraps(func)",
			"\t\tdef _deprecated_func(*args: Any, **kwargs: Any) -> Any:",
			"\t\t\twarnings.warn(f'`{func.__name__}` is deprecated. {message}', category=DeprecationWarning, stacklevel=stacklevel)",
			"\t\t\treturn func(*args, **kwargs)",
			"\t\treturn _deprecated_func",
			"\treturn _wrapper",
		],
		"description": "decorator, deprecated warning",
	},

	"f-string": {
		"prefix": "fs",
		"body": [
			"f'{${1:name}=}'",
		],
		"description": "f-string",
	},

	"qsmemoir": {
		"prefix": "qsmemoir",
		"body": [
			"def memoir(func: Callable[P, T]) -> Callable[P, T]:",
			"\tcache: dict[tuple[str, int, int], Callable[P, T]] = {}",
			"\t@functools.wraps(func)",
			"\tdef memorized(*args: P.args, **kwargs: P.kwargs) -> T:",
			"\t\tkey = (func.__name__, args.__hash__, kwargs.__hash__)",
			"\t\tif key not in cache:",
			"\t\t\tcache[key] = func(*args, **kwargs)",
			"\t\treturn cache[key]",
			"\treturn memorized",
			"$0"
		],
		"description": "cache, memorization",
	},

	"qsdescriptor": {
		"prefix": "qsdescriptor",
		"body": [
			"def __set_name__(self, owner: object, name: str) -> None:",
			"\tself.${1:private_name} = f'_{name}'\n",
			"def __get__(self, obj: object, objcls: type) -> Any:",
			"\tif obj:",
			"\t\treturn getattr(obj, self.$1, None)",
			"\treturn getattr(objcls, self.$1, None)\n",
			"def __set__(self, obj: object, value: Any) -> None:",
			"\tsetattr(obj, self.$1, value)\n",
			"def __delete__(self, obj: object) -> None:",
			"\tdelattr(obj, self.$1)\n",
		],
		"description": "python, descriptor",
	},

	"qsprop": {
		"prefix": "qsprop",
		"body": [
			"@property",
			"def ${1:name}(self) -> Any:",
			"\treturn self._$1\n",
			"@$1.setter",
			"def $1(self, value: Any) -> None:",
			"\tself._$1 = value\n",
			"@$1.deleter",
			"def $1(self) -> None:",
			"\tdel self._$1\n",
		],
		"description": "python, property",
	},

	"qstpe": {
		"prefix": "qstpe",
		"body": [
			"from concurrent import futures",
			"jobs: list     = []",
			"func: Callable = None",
			"with concurrent.futures.ThreadPoolExecutor(max_workers=15) as executor:",
			"\tfutures = []",
			"\tfor job in jobs:",
			"\t\tfutures.append(executor.submit(func, arg=job))",
			"\tfor future in futures.as_completed(futures):",
			"\t\tprint(future.result())",
		],
		"description": "concurrent, futures, threadpool",
	},

	"qsfjt": {
		"prefix": "qsfjt",
		"body": [
			"jobs: list = []",
			"func: Callable = None",
			"with multiprocessing.Pool() as pool:",
			"\tresult = pool.map(func, args=jobs)",
		],
		"description": "multiprocessing, pool",
	},

	"qsasync": {
		"prefix": "qsasync",
		"body": [
			"async def some_coro():",
			"\t...",
			"\tawait asyncio.sleep(1)",
			"\t...",
			"async def another_coro():",
			"\t...",
			"\tawait asyncio.sleep(1)",
			"\t...",
			"async def factorial(name: str, n: int):",
			"\t...",
			"\tawait asyncio.sleep(1)",
			"async def func():",
			"\tasync with asyncio.TaskGroup() as tg:",
			"\t\ttask1 = tg.create_task(some_coro(...))",
			"\t\ttask2 = tg.create_task(another_coro(...))",
			"\t\t# or",
			"\t\tL = await asyncio.gather(",
			"\t\t\tfactorial('A', 2),",
			"\t\t\tfactorial('B', 3),",
			"\t\t\tfactorial('C', 4),",
			"\t\t)",
			"\tprint(L)",
			"\tprint('Both tasks have completed now.')",
			"asyncio.run(func())",
		],
		"description": "async, coroutine",
	},

	"qsexception": {
		"prefix": "qsexcept",
		"body": [
			"class ${1:MyClass}Exception(Exception):",
			"\terror_timestamp: datetime = datetime.now()",
			"\tcause_of_error: str = None",
			"\tdef __init__(self, message: str, error_timestamp: datetime, cause_of_error: str) -> None:",
			"\t\tsuper().__init__(message)",
			"\t\tself.error_timestamp = error_timestamp",
			"\t\tself.cause_of_error = cause_of_error",
		],
		"description": "Exception, customized",
	},

	"qsctor": {
		"prefix": "qsctor",
		"body": [
			"def __init__(self, *args, **kwargs$0) -> None:",
			"\tpass",
		],
		"description": "class, constructor"
	},

	"qsregist": {
		"prefix": "qsregist",
		"body": [
			"registry: set[Callable[P, T]] = set()",
			"def register(active: bool=True) -> Callable[P, T]:",
			"\tdef decorate(func: Callable[P, T]) -> Callable[P, T]:",
			"\t\tif active:",
			"\t\t\tregistry.add(func)",
			"\t\telse:",
			"\t\t\tregistry.discard(func)",
			"\t\treturn func",
			"\treturn decorate",
		],
		"description": "register functions into a set(...)",
	},

	"qsbootstrap": {
		"prefix": "qsbootstrap",
		"body": [
			"def plot_bootstrap(",
			"\tdata: list[int | float] | pd.DataFrame,",
			"\tstatistic_func: Callable=np.std,",
			"\tci: float=0.95,",
			"\tbins: int=50",
			") -> None:",
			"\trng = np.random.default_rng()",
			"\tdata = (data,)  # samples must be in a sequence",
			"\tres = stats.bootstrap(data, statistic_func, confidence_level=ci, random_state=rng)",
			"\tfig, ax = plt.subplots()",
			"\tax.hist(res.bootstrap_distribution, bins=bins, density=True)",
			// "\tsns.histplot(res.bootstrap_distribution, stat='density', kde=True, ax=ax)",
			"\tax.set_title('Bootstrap Distribution')",
			"\tax.set_xlabel('statistic value: ' + statistic_func.__qualname__)",
			"\tax.set_ylabel('frequency')",
			"\tplt.show()",
			"\treturn",
		],
		"description": "scipy.stats.bootstrap(...)",
	},

	"qsciztable": {
		"prefix": "qsciztable",
		"body": [
			"def get_zvalue_from_ci(ci: float=.95) -> float:",
			"\tciz: dict[float, float] = {",
			"\t\t.80  : 1.282,",
			"\t\t.85  : 1.440,",
			"\t\t.90  : 1.645,",
			"\t\t.95  : 1.960,",
			"\t\t.99  : 2.576,",
			"\t\t.995 : 2.807,",
			"\t\t.999 : 3.291,",
			"\t}",
			"\treturn ciz.get(ci, 1.960)\n",
			"def get_margin_of_error(z: float, sd: float, n: int) -> float:",
			"\treturn  z * sd / (n**.5)",
		],
		"description": "stats, confidential interval and z-score, margin of error",
	},

	"qssingleton": {
		"prefix": "qssingleton",
		"body": [
			"def singleton(cls: T) -> Callable:",
			"\tinstances: dict[T] = {}",
			"\tdef wrapper(*args: T.args, **kwargs: T.kwargs) -> T:",
			"\t\tif cls not in instances:",
			"\t\t\tinstances[cls] = cls(*args, **kwargs)",
			"\t\treturn instances[cls]",
			"\treturn wrapper",
		],
		"description": "singleton decorator",
	},

	"qspermission": {
		"prefix": "qspermission",
		"body": [
			"def check_permission(permission: str | int) -> Callable:",
			"\tdef decorator(func: Callable) -> Callable:",
			"\t\tdef wrapper(*args: T.args, **kwargs: T.kwargs) -> Any:",
			"\t\t\tif permission == 'admin':",
			"\t\t\t\tprint('pass')",
			"\t\t\t\tresult = func(*args, **kwargs)",
			"\t\t\telse:",
			"\t\t\t\tprint('no access')",
			"\t\t\t\tresult = None",
			"\t\t\treturn result",
			"\t\treturn wrapper",
			"\treturn decorator",
		],
		"description": "permission decorator",
	},

	"qscaculus": {
		"prefix": "qscalculus",
		"body": [
			"#🚀极连微积超函数",
			"#🍭序列截面几空间",
			"#🌌多变多积向量场",
		],
		"description": "calculus, mnemonic rhyme",
	},

	"qsunittest": {
		"prefix": "qsunittest",
		"body": [
			"class Test${1:ClassName}(unittest.TestCase):",
			"\tdef setUp(self):",
			"\t\t#📐test setup",
			"\t\tself.${2:obj} = $1($3)",
			"\t\tprint('set up')\n",
			"\t$0",
			"\tdef tearDown(self) -> None:",
			"\t\tprint('tear down')",
		],
		"description": "unittest basic setup and tear down",
	},

	"qstest": {
		"prefix": "qstest",
		"body": [
			"def test_${1:methodName}(self) -> None:",
			"\tself.${2:assertEqual}($0)\n",
		],
		"description": "unittest.test_XXX(...)",
	},

	"unittestsuite": {
		"prefix": "qstestsuite",
		"body": [
			"def suite() -> unittest.TestSuite:",
			"\tsuite = unittest.TestSuite()",
			"\tsuite.addTest(${1:TestXXX}(${2:'test_xxxMethod'}))",
			"\tsuite.addTest($1(${3:'test_another_xxxMethod'}))",
			"\treturn suite",
		],
		"description": "unittest.TestSuite()",
	},

	"unittestmock": {
		"prefix": "qsunittestmock",
		"body": [
			"class Test${1:className}(unittest.TestCase):",
			"\tdef test_${2:my_method}(self) -> None:",
			"\t\t# Create a mock dependency",
			"\t\tmock_dependency = Mock()",
			"\t\t# Set the return value of the mocked method",
			"\t\tmock_dependency.some_method.return_value = 'mocked result'",
			"\t\t# Create an instance of the class being tested, passing the mock dependency",
			"\t\tmy_instance = $1(mock_dependency)",
			"\t\t# Call the method being tested",
			"\t\tresult = my_instance.$2(${3:'some data'})",
			"\t\t# Assert that the result is as expected",
			"\t\tself.assertEqual(result, 'mocked result')",
			"\t\t# Assert that the mocked method was called with the expected argument",
			"\t\tmock_dependency.some_method.assert_called_once_with($3)",
		],
		"description": "unittest.mock.test",
	},

	"match-case": {
		"prefix": "qsmatch",
		"body": [
			"match ${1:what}:",
			"\tcase ${2:c1}:",
			"\t\t...$0",
			"\tcase _:",
			"\t\traise NotImplementedError",
		],
		"description": "match...case...",
	},

	"pattern-matching": {
		"prefix": "pmatch",
		"body": [
			"match ${1:expr}:",
			"\tcase 1: # discrete value",
			"\t\t# <handle pattern1>\n\t\t...",
			"\tcase ${2: int()} as number: # or bind, shorthand `int(number)`",
			"\t\t# <handle pattern2>\n\t\t...",
			"\tcase {'a': a, **rest} as d if not rest # guard",
			"\t\t# <handle pattern3>\n\t\t...",
			"\tcase {'greeting': 'hello' | 'hi' | 'howdy', 'name': ({'first_name': name} | {'name': name})}: # or",
			"\t\t# <handle pattern4>\n\t\t...",
			"\tcase [_, _, *rest] if sum(rest) > 10: # list deconstructing",
			"\t\t# <handle pattern5>\n\t\t...",
			"\tcase {'a': 1, **rest} as d if not rest: # dict deconstructing",
			"\t\t# <handle pattern6>\n\t\t...",
			"\tcase T(name=name, product=product): # Class",
			"\t\t# <handle pattern7>\n\t\t...",
			"\tcase _:",
			"\t\traise NotImplementedError",
			"\t#case <patternN> as <boundVar> [<if guard>]:",
			"\t\t# <handle patternN>",
		],
		"description": "Python, structural pattern matching",
	},

	"pytestparameterized": {
		"prefix": "pytestparameterized",
		"body": [
			"class Test${1:className}:",
			"\t@pytest.mark.parametrize(",
			"\t\t'a, b, expected',",
			"\t\t[",
			"\t\t\t(2, 3, 5),",
			"\t\t\t(5, 7, 12),",
			"\t\t\t(-1, 1, 0),",
			"\t\t]",
			"\t)",
			"\tdef test_${2:methodName}(self, a, b, expected) -> None:",
			"\t\t# Create an instance of the ${1:className} class",
			"\t\t${3:obj} = $1()",
			"\t\t# Call the method being tested",
			"\t\tresult = $3.$2(a, b)",
			"\t\t# Assert that the result is equal to the expected value",
			"\t\tassert result == expected",
		],
		"description": "pytest.mark.parameterized.test",
	},

	"pvm": {
		"prefix": "pvm",
		"body": [
			"def ${1:method_name}($2) -> None:",
			"\traise NotImplementedError$0\n",
		],
		"description": "method, function",
	},

	"pobm": {
		"prefix": "pobm",
		"body": [
			"def ${1:method_name}($2) -> ${3:T}:",
			"\traise NotImplementedError$0",
		],
	},

	"plom": {
		"prefix": "plom",
		"body": [
			"def ${1:method_name}($0) -> list[${2:T}]:",
			"\treturn None"
		],
		"description": "public method returns list of object",
	},

	"psom": {
		"prefix": "psom",
		"body": [
			"def ${1:method_name}($0) -> set[{${2:T}}]:",
			"\traise NotImplementedError$0"
		],
		"description": "public method returns set of objects",
	},

	"pmom": {
		"prefix": "pmom",
		"body": [
			"def ${1:method_name}($0) -> dict[${2:TKey}, ${3:TElement}]:",
			"\traise NotImplementedError$0"
		],
		"description": "public method returns dict of objects",
	},

	"lob": {
		"prefix": "lob",
		"body": [
			"${1:obj}: list[${2:T}] = list()",
		],
		"description": "list of objects",
	},

	"sob": {
		"prefix": "sob",
		"body": [
			"${1:obj}: set[${2:T}] = set()",
		],
		"description": "set of objects",
	},

	"mob": {
		"prefix": "mob",
		"body": [
			"${1:obj}: dict[${2:TKey}, ${3:TElement}] = dict()",
		],
		"description": "dict of objects",
	},

	"qob": {
		"prefix": "qob",
		"body": [
			"${1:obj}: Queue[${2:T}] = Queue($0)",
		],
		"description": "queue of objects",
	},

	"varb": {
		"prefix": "varb",
		"body": [
			"${1:obj}: ${2:T} = ${3:None}",
		],
		"description": "variable, primitive type",
	},

	"varc": {
		"prefix": "varc",
		"body": [
			"${1:obj}: ${2:T} = $2($0)",
		],
		"description": "variable, custom type",
	},

	"qstp": {
		"prefix": "qstp",
		"body": [
			"P = ParamSpec('P')",
			"T = TypeVar('T')",
			"$0"
		],
		"description": "function args, kwargs Type",
	},

	"qsstringtemplate": {
		"prefix": "qsstringtemplate",
		"body": [
			"class MyStringTemplate(string.Template):",
			"\t# python implements string replace with regex (Java string.replace)",
			"\tdelimiter = '${1:%}'",
			"\tidpattern = '[a-z]+_[a-z]+'",
			"\tbraceidpattern = '{}'",
			"\tflags = re.IGNORECASE | re.VERBOSE | re.UNICODE\n",
			"txt = 'Delimiter   : $1$1; Replaced    : $1with_underscore; Ignored     : $1notunderscored'",
			"d = {",
			"\t'with_underscore': 'replaced',",
			"\t'notunderscored': 'not replaced',",
			"}",
			"t = MyStringTemplate(txt)",
			"t.safe_substitute(d)\n",
		],
		"description": "string template, Java string.replace / pandas.str.replace",
	},

	"qstextwrap": {
		"prefix": "qstextwrap",
		"body": [
			"sample_text = 'The textwrap module can be used to format text for output in situations where pretty-printing is desired. It offers programmatic functionality similar to the paragraph wrapping or filling features found in many text editors.'",
			"dedent_text = textwrap.dedent(sample_text).strip()",
			"for width in [45, 60]:",
			"\tprint('{} Columns:'.format(width))",
			"\tshortened = textwrap.shorten(dedent_text, width)",
			"\twrapped = textwrap.fill(shortened, width=width)",
			"\tfinal = textwrap.indent(wrapped, '> ')",
			"\tprint(final)",
			"\tprint()\n",
		],
		"description": "textwrap(...)",
	},

	"qsregex": {
		"prefix": "qsregex",
		"body": [
			"aimsx = re.ASCII | re.IGNORECASE | re.DOTALL | re.MULTILINE | re.VERBOSE",
			"dwsb = r'[\\d\\w\\s\\b]'",
			"namedgroup = r'?P<name>pattern'",
			"noncapture = r'?:pattern'",
			"positiveLookahead = r'?=pattern'",
			"negativeLookahead = r'?!pattern'",
			"positiveLookbehind = r'?<=pattern'",
			"negativeLookbehind = r'?<!pattern'",
			"selfReference = r'pattern,...,pattern,...,\\1,...,\\i'\n",
		],
		"description": "regex expr reference",
	},

	"qsdiff": {
		"prefix": "qsdiff",
		"body": [
			"d = difflib.Differ()",
			"diff = d.compare(${1:text1_lines}, ${2:text2_lines})",
			"print('\\n'.join(list(diff)))",
			"d = difflib.unified_diff($1, $2, lineterm='')",
			"d = difflib.context_diff($1, $2)",
			"print('\\n'.join(list(d)))\n",
		],
		"description": "difflib.Differ(...)",
	},

	"qsenum" : {
		"prefix": "qsenum",
		"body": [
			"class RegularEnum(enum.Enum):",
			"\tpass\n",
			"class BugStatus(enum.IntEnum):",
			"\tnew = 7",
			"\tincomplete = 6",
			"\tinvalid = 5",
			"\twont_fix = 4",
			"\tin_progress = 3",
			"\tfix_committed = 2",
			"\tfix_released = 1",
			"\t# error",
			"\tby_design = 4",
			"\tclosed = 1\n",
			"@enum.unique",
			"class UniqueEnum(enum.Enum):",
			"\tpass\n",
			"sorted(BugStatus)",
		],
		"description": "enum reference",
	},

	"qsbugenum": {
		"prefix": "qsbugenum",
		"body": [
			"class BugStatusX(enum.Enum):",
			"\tnew = {",
			"\t\t'num': 7,",
			"\t\t'transitions': ['incomplete','invalid','wont_fix','in_progress',],        ",
			"\t}",
			"\tincomplete = {",
			"\t\t'num': 6,",
			"\t\t'transitions': ['new', 'wont_fix'],",
			"\t}",
			"\tinvalid = {",
			"\t\t'num': 5,",
			"\t\t'transitions': ['new'],",
			"\t}",
			"\twont_fix = {",
			"\t\t'num': 4,",
			"\t\t'transitions': ['new'],",
			"\t}",
			"\tin_progress = {",
			"\t\t'num': 3,",
			"\t\t'transitions': ['new', 'fix_committed'],",
			"\t}",
			"\tfix_committed = {",
			"\t\t'num': 2,",
			"\t\t'transitions': ['in_progress', 'fix_released'],",
			"\t}",
			"\tfix_released = {",
			"\t\t'num': 1,",
			"\t\t'transitions': ['new'],",
			"\t}",
			"\tdef __init__(self, vals):",
			"\t\tself.num = vals['num']",
			"\t\tself.transitions = vals['transitions']",
			"\tdef can_transition(self, new_state):",
			"\t\treturn new_state.name in self.transitions\n",
			"print('Name:', BugStatusX.in_progress)",
			"print('Value:', BugStatusX.in_progress.value)",
			"print('Custom attribute:', BugStatusX.in_progress.transitions)",
			"print('Using attribute:',",
			"BugStatusX.in_progress.can_transition(BugStatusX.new))",
		],
		"description": "complex enum with __init__(...)",
	},

	"qsvdi": {
		"prefix": "qsvdi",
		"body": [
			"def valid_data(*args, **kwargs) -> bool:",
			"\tpass$0\n",
			"def validate_input(func: Callable[P, T]) -> Callable[P, T]:",
			"\tdef wrapped(*args: P.args, **kwargs: P.kwargs) -> T:",
			"\t\t# validate here",
			"\t\tif valid_data(*args, **kwargs):",
			"\t\t\treturn func(*args, **kwargs)",
			"\t\telse:",
			"\t\t\tValueError('Invalid data. Please check your inputs')",
			"\treturn wrapped\n",
		],
		"description": "validate input",
	},

	"qsvdo": {
		"prefix": "qsvdo",
		"body": [
			"def valid_output(*args, **kwargs) -> bool:",
			"\tpass$0\n",
			"def validate_output(func: Callable[P, T]) -> Callable[P, T]:",
			"\tdef wrapped(*args: P.args, **kwargs: P.kwargs) -> T:",
			"\t\tresult = func(*args, **kwargs)",
			"\t\tif valid_output(result):",
			"\t\t\treturn result",
			"\t\telse:",
			"\t\t\traise ValueError('Invalid output: Please check your function logic')",
			"\treturn wrapped\n",
		],
		"description": "validate output",
	},

	"qsspe": {
		"prefix": "qsspe",
		"body": [
			"def suppress_errors(func: Callable[P, T]) -> Callable[P, T]:",
			"\tdef wrapped(*args: P.args, **kwargs: P.kwargs) -> T:",
			"\t\ttry:",
			"\t\t\treturn func(*args, **kwargs)",
			"\t\texcept Exception as e:",
			"\t\t\tprint(f'Error in {func.__name__}: {e}')",
			"\t\t\treturn",
			"\treturn wrapped\n",
		],
		"description": "suppress errors",
	},

	"qsretry": {
		"prefix": "qsretry",
		"body": [
			"def retry(max_attemps: int, delay: int) -> Callable[P, T]:",
			"\tdef decorator(func: Callable[P, T]) -> Callable[P, T]:",
			"\t\tdef wrapped(*args: P.args, **kwargs: P.kwargs) -> T:",
			"\t\t\tattempts = 0",
			"\t\t\twhile attempts < max_attemps:",
			"\t\t\t\ttry:",
			"\t\t\t\t\treturn func(*args, **kwargs)",
			"\t\t\t\texcept Exception as e:",
			"\t\t\t\t\tprint(f'Attempt {attempts + 1} failed. Retrying in {delay} seconds')",
			"\t\t\t\t\tattempts += 1",
			"\t\t\t\t\ttime.sleep(delay)",
			"\t\t\traise Exception('Max retry attempts exceeded.')",
			"\t\treturn wrapped",
			"\treturn decorator\n",
		],
		"description": "retry x time after n seconds delay",
	},

	"qsdebug": {
		"prefix": "qsdebug",
		"body": [
			"def debug(func: Callable[P, T]) -> Callable[P, T]:",
			"\tdef wrapped(*args: P.args, **kwargs: P.kwargs) -> T:",
			"\t\tprint(f'Debugging {func.__name__} - args: {args}, kwargs: {kwargs}')",
			"\t\treturn func(*args, **kwargs)",
			"\treturn wrapped\n",
		],
		"description": "debug functions",
	},

	"qsviz": {
		"prefix": "qsviz",
		"body": [
			"def visualize_result(func: Callable[P, T]) -> Callable[P, T]:",
			"\tdef wrapped(*args: P.args, **kwargs: P.kwargs) -> T:",
			"\t\tresult = func(*args, **kwargs)",
			"\t\t# your visualization code here",
			"\t\tplt.show()",
			"\t\treturn result",
			"\treturn wrapped\n",
		],
		"description": "visualise the result of function",
	},

	"qslogr": {
		"prefix": "qslogr",
		"body": [
			"def log_results(func: Callable[P, T]) -> Callable[P, T]:",
			"\tdef wrapped(*args: P.args, **kwargs: P.kwargs) -> T:",
			"\t\tresult = func(*args, **kwargs)",
			"\t\twith open('results.log', 'a') as log_file:",
			"\t\t\tlog_file.write(f'{func.__name__} - Result: {result}\\n')",
			"\t\treturn result ",
			"\treturn wrapped\n",
		],
		"description": "log function and return value(s) to a file in the current diretory",
	},

	"npm": {
		"prefix": "npm",
		"body": [
			"import numpy as np",
			"import pandas as pd",
			"import matplotlib.pyplot as plt",
			"import seaborn as sns",
			"import skimpy",
			"plt.style.use('default')",
			"plt.style.use('ggplot')",
			// "np.__version__, pd.__version__, sns.__version__, np.show_config(), pd.show_versions()",
			"$0",
		],
		"description": "NumPy Pandas Matplotlib (Seaborn, skimpy) big-3",
	},

	"pdf": {
		"prefix": "pdf",
		"body": [
			"pd.DataFrame(",
			"\tdata=$1,",
			"\tcolumns=${2:None},",
			"\tindex=${3:None},",
			")",
		],
		"description": "Pandas, pd.DataFrame",
	},

	"pds": {
		"prefix": "pds",
		"body": [
			"pd.Series(",
			"\tdata=${1:[]},",
			"\tindex=${2:None},",
			"\tname=${3:None},",
			"\tdtype='$4',",
			")",
		],
		"description": "Pandas, pd.Series",
	},

	"pdi": {
		"prefix": "pdi",
		"body": [
			"pd.Index(",
			"\tdata=${1:[]},",
			"\tname=${2:None},",
			"\tdtype='$3',",
			")",
		],
		"description": "Pandas, pd.Index(...)",
	},

	"pdri": {
		"prefix": "pdri",
		"body": [
			"pd.RangeIndex(start=${1:0}, stop=${2:5}, step=${3:1})",
		],
		"description": "Pandas, pd.RangeIndex(...)",
	},

	"pdmi": {
		"prefix": "pdmi",
		"body": [
			"pd.MultiIndex(",
			"\tlevels=[${1:[]}, ${2:[]}],",
			"\tcodes=[${3:[]}, ${4:[]}],",
			"\tnames=${5:None},",
			"\tdtype=${6:None},",
			")",
		],
		"description": "Pandas, pd.MultiIndex(...)",
	},

	"pdmif": {
		"prefix": "pdmif",
		"body": [
			"pd.MultiIndex.from_${1:arrays}(",
			"\t$2,",
			"\tnames=${3:None},",
			")",
		],
		"description": "Pandas, pd.MultiIndex_fromXXX; (options=arrays, tuples, product, frame)",
	},

	"pdcs": {
		"prefix": "pdcs",
		"body": [
			"#🚀c: pd.merge(...), pd.join(...), pd.concat([...]), pd.combine(...)",
			"#🌌s: pd.cut(...), pd.qcut(...), pd.iloc[...], pd.loc[...]",
		],
		"description": "Pandas, concatenate and split",
	},

	"pdoffsets": {
		"prefix": "pdoffsets",
		"body": [
			"from pandas.tseries import offsets",
			"offset = offsets.MonthEnd($0)",
		],
		"description": "Pandas, pd.tseries.offsets",
	},

	"pddr": {
		"prefix": "pddr",
		"body": [
			"pd.date_range(start='${1:2050-01-01}', periods=${2:5}, freq='${3:D}').tz_localize('${4:Asia/Shanghai}')"
		],
		"description": "Pandas, pd.date_range(...).tz_localize(...)",
	},

	"pdbdr": {
		"prefix": "pdbdr",
		"body": [
			"pd.bdate_range(start='${1:2050-01-01}', periods=${2:5}, freq='${3:D}').tz_localize('${4:Asia/Shanghai}')"
		],
		"description": "Pandas, pd.bdate_range(...).tz_localize(...)",
	},

	"pdpr": {
		"prefix": "pdpr",
		"body": [
			"pd.period_range(start='${1:2050-01-01}', periods=${2:1}, freq='${3:D}')",
			// "# ts.asfreq(...)",
			// "# ts.to_xxx(...)$0",
		],
		"description": "Pandas, pd.period_range(...)",
	},

	"pdir": {
		"prefix": "pdir",
		"body": [
			"pd.interval_range(start=${1:pd.Timestamp('2050-01-01')}, periods=${2:3}, freq='${3:T}')",
		],
		"description": "Pandas, pd.interval_range(...)",
	},

	"pdtr": {
		"prefix": "pdtr",
		"body": [
			"pd.timedelta_range(start='${1:1 day}', periods=${2:3}, freq='${3:4H}')"
		],
		"description": "Pandas, pd.timedelta_range(...)",
	},

	"pdtsfp": {
		"prefix": "pdtsfp",
		"body": [
			"#🚀freq pattern: [B]xxx[S]<-[i]yyy> (`xxx` is super group of `yyy`) -> Y Q M W D H T S ms",
			"#🌌freq convertion: asfreq(...), to_XXX",
		],
		"description": "Pandas, pd.date_range(...) freq pattern",
	},

	"pdohlc": {
		"prefix": "pdohlc",
		"body": [
			"resample('${1:5min}').ohlc()",
		],
		"description": "Pandas, pd.resample(...).ohlc()",
	},

	"pdrol": {
		"prefix": "pdrol",
		"body": [
			"rolling(window=${1:2}, min_periods=${2:1}, center=${3:False}, step=${4:1}, method='single').${5:apply}(${6:np.sum})",
		],
		"description": "Pandas, window functions rolling(...).sum()",
	},

	"pdexp": {
		"prefix": "pdexp",
		"body": [
			"expanding(min_periods=${1:2}, axis=${2:0}, method='single').${3:apply}(${4:np.sum})",
		],
		"description": "Pandas, window functions expanding(...).sum()",
	},

	"pdewm": {
		"prefix": "pdewm",
		"body": [
			"ewm(com=${1:.5}, ignore_na=${2:False}).${3:mean}()",
		],
		"description": "Pandas, window functions ewm(...).mean()",
	},

	"pdsac": {
		"prefix": "pdsac",
		"body": [
			"df.groupby($1) # split - apply - combine",
		],
		"description": "Pandas, GroupBy concept",
	},

	"pdagg": {
		"prefix": "pdagg",
		"body": [
			"agg({",
			"\t'${1:col1}' : [",
			"\t\t('$1_max', np.max), ",
			"\t\t('$1_min', np.min), ",
			"\t\t('$1_count', np.count_nonzero),",
			"\t\t('$1_mean', np.mean),",
			"\t\t('$1_sum', np.sum),",
			"\t\t('$1_var', np.var),",
			"\t\t('$1_std', np.std),",
			// "\t\t('$1_prod', np.cumprod),",
			// "\t\t('$1_first', np.first),",
			// "\t\t('$1_last', np.last),",
			"\t],",
			"$0",
			"})",
		],
		"description": "Pandas, pd.groupby(...).agg(...)",
	},

	"pdcat": {
		"prefix": "pdcat",
		"body": [
			"cat: pd.Categorical = pd.Categorical.from_codes(codes=${1:[]}, categories=${2:[]}, ordered=${3:True})",
		],
		"description": "Pandas, pd.Categorical(...)",
	},

	"pdnm": {
		"prefix": "pdnm",
		"body": [
			"def normalize(s: pd.Series) -> pd.Series:",
			"\treturn (s - s.mean()) / s.std()\n",
			"def min_max_scaling(s: pd.Series) ->  pd.Series:",
			"\treturn (s - s.min()) / (s.max() - s.min())",
		],
		"description": "Pandas, normalize Pandas Series",
	},

	"pdinfo": {
		"prefix": "pdinfo",
		"body": [
			"df.info().T",
			"df.isnull().sum()",
		],
		"description": "Pandas, basic info and check null",
	},

	"npra": {
		"prefix": "npra",
		"body": [
			"np.arange(${1:5})",
		],
		"description": "NumPy, np.arange(...)",
	},

	"npar": {
		"prefix": "npar",
		"body": [
			"np.array(${1:[]})",
		],
		"description": "NumPy, np.array(...)",
	},

	"nprc": {
		"prefix": "nprc",
		"body": [
			"np.random.choice(${1:[]}, ${2:5})",
		],
		"description": "NumPy, np.random.choice(...)",
	},

	"nprs": {
		"prefix": "nprs",
		"body": [
			"np.random.seed(${1:0})",
		],
		"description": "NumPy, np.random.seed(...)",
	},

	"nprr": {
		"prefix": "nprr",
		"body": [
			"np.random.randn(${1:5})",
		],
		"description": "NumPy, np.random.randn(...)",
	},

	"npri": {
		"prefix": "npri",
		"body": [
			"np.random.randint(low=${1:1}, high=${2:5}, size=${3:5})",
		],
		"description": "NumPy, np.random.randint(...)",
	},

	"npru": {
		"prefix": "npru",
		"body": [
			"np.random.uniform(${1:1}, ${2:5}, ${3:5})",
		],
		"description": "NumPy, np.random.uniform(...)",
	},

	"nprb": {
		"prefix": "nprb",
		"body": [
			"np.random.binomial(${1:10}, ${2:.5}, ${3:5})",
		],
		"description": "NumPy, np.random.binomial(...)",
	},

	"nprg": {
		"prefix": "nprg",
		"body": [
			"np.random.gamma(${1:10}, $1, ${2:5})",
		],
		"description": "NumPy, np.random.gamma(...)",
	},

	"npcs": {
		"prefix": "npcs",
		"body": [
			"#c: np.concatenate(...), np.XXXstack(...), np.r_[...], np.c_[...]",
			"#s: np.XXXsplit(...)",
		],
		"description": "NumPy, concatenation and split",
	},

	"npre": {
		"prefix": "npre",
		"body": [
			"#repeat: np.repeat(...) -> element-wise repeat n times",
			"#tile: np.tile([...]) -> value block tiling n times",
		],
		"description": "NumPy, np.repeat(...), np.tile(...)",
	},

	"nptp": {
		"prefix": "nptp",
		"body": [
			"#np.take(...), np.put(...) -> boardcasting",
		],
		"description": "NumPy, np.take(...), np.put(...) on single axis only",
	},

	"npli": {
		"prefix": "npli",
		"body": [
			"np.linalg.${1:det}($2)$0",
		],
		"description": "NumPy, np.linalg.XXX(...)",
	},

	"nplas": {
		"prefix": "nplas",
		"body": [
			"np.linalg.solve(",
			"\tnp.array([",
			"\t\t${1:[]},",
			"\t\t${2:[]}",
			"\t]),",
			"\tnp.array(${3:[]})",
			")",
		],
		"description": "NumPy, np.linalg.solve(...)",
	},

	"mplfig": {
		"prefix": "mplfig",
		"body": [
			"fig = plt.figure(${1:figsize=(8,8)})",
			"ax${2:1} = fig.add_subplot(${3:2}, $3, $2)",
			"$0",
		],
		"description": "matplotlib, create matplotlib figure, and add_subplot(...)",
	},

	"mplabline": {
		"prefix": "mplabline",
		"body": [
			"ax.ax${1:h}line(${2:5}, linestyle='--', color='b')$0"
		],
		"description": "matplotlib, add support line to figure",
	},

	"mplsub": {
		"prefix": "mplsub",
		"body": [
			"ax${1:1} = fig.add_subplot(${2:2}, $2, $1)",
			"$0",
		],
		"description": "Matplotlib.figure.add_subplot(...)",
	},

	"mplfc": {
		"prefix": "mplfc",
		"body": [
			"font_options: dict[str, str|int] = {'family':'monospace', 'weight':'light', 'size':8}",
			"plt.rc('font', **font_options)",
		],
		"description": "matplotlib, global settings to font",
	},

	"mplfap": {
		"prefix": "mplfap",
		"body": [
			"fig, ax = plt.subplots(${1:${2:2}, $2})",
		],
		"description": "matplotlib, matplotlib.pylot.subplots(...)",
	},

	"mplplt": {
		"prefix": "mplplt",
		"body": [
			"plt.plot(data=${1:0}, ${2:fmt}, ${3:line2D}) # fmt='[mark][line][color]'",
		],
		"description": "matplotlib, matplotlib.pyplot.plot(...) line2D",
	},

	"mpltickparams": {
		"prefix": "mpltickparams",
		"body": [
			"ax.set_xticks(np.linspace(0, 10, 50), minor=True)",
			"ax.tick_params(axis='${1:x}', which='${2:minor}', length=2, color='${3:r}', labelrotation=${4:45})",
		],
		"description": "matplotlib, customize matplotlib.pyplot.xticklable(...), or fig.autofmt_xdate(...) may work",
	},

	"mplra": {
		"prefix": "mplra",
		"body": [
			"plt.gca().$0invert_${1:x}axis()",
		],
		"description": "matplotlib, reverse matplotlib.pyplot.axis",
	},

	"mplsa": {
		"prefix": "mplsa",
		"body": [
			"fig.subplots_adjust(wspace=${1:.3}, hspace=${2:.2})",
		],
		"description": "matplotlib, adjust matplotlib.subplots(...) spaces",
	},

	"mplannotate": {
		"prefix": "mplannotate",
		"body": [
			"ax.annotate(",
			"\ttext=${1:'annotation'},",
			"\txy=(${2:x}, ${3:y}),",
			"\txytext=(${4:xtext}, ${5:ytext}),",
			"\tarrowprops=dict(facecolor='black', shrink=.1),",
			"\thorizontalalignment='left',",
			"\tverticalalignment='bottom',",
			")",
		],
		"description": "matplotlib, matplotlib.plt.annotate(...)",
	},

	"mpl3d": {
		"prefix": "mpl3d",
		"body": [
			"from mpl_toolkits.mplot3d import axes3d",
			"import matplotlib.pyplot as plt\n",
			"ax = plt.figure().add_subplot(projection='3d')",
			"X, Y, Z = axes3d.get_test_data(0.05)",
			// "# Plot the 3D surface",
			"ax.plot_surface(X, Y, Z, edgecolor='royalblue', lw=0.5, rstride=8, cstride=8, alpha=0.3)",
			// "# Plot projections of the contours for each dimension.  By choosing offsets",
			// "# that match the appropriate axes limits, the projected contours will sit on",
			// "# the 'walls' of the graph",
			"ax.contourf(X, Y, Z, zdir='z', offset=-100, cmap='coolwarm')",
			"ax.contourf(X, Y, Z, zdir='x', offset=-40, cmap='coolwarm')",
			"ax.contourf(X, Y, Z, zdir='y', offset=40, cmap='coolwarm')",
			"ax.set(xlim=(-40, 40), ylim=(-40, 40), zlim=(-100, 100), xlabel='X', ylabel='Y', zlabel='Z')",
		],
		"description": "matplotlib, matplotlib.mplot3d(...)",
	},

	"snsfg": {
		"prefix": "snsfg",
		"body": [
			"g = sns.FacetGrid(${1:df}, col=${2:'col_name'})",
			"g.map_dataframe(${3:sns.scatterplot}, x=${4:'x'}, y=${5:'y'})",
			"g.set_axis_lables($4, $5)",
			"g.add_legend()",
			"$0",
		],
		"description": "matplotlib, create seaborn.FacetGrid(...) template",
	},

	"snscp" : {
		"prefix": "snscp",
		"body": [
			"palette: list[str] = ['#F72585', '#7209B7', '#3A0CA3', '#4361EE', '#4CC9F0']",
			"sns.set_palette(palette=palette)",
		],
		"description": "seaborn, set up Seaborn.color_palette(...)",
	},

	"snskwargs": {
		"prefix": "snskwargs",
		"body": [
			"color=${1:None},",
			"linewidth=${2:1},",
			"linestyle=${3:'solid'},",
			"marker=${4:'--'},",
			"markersize=${5:6},",
			"label=${6:None},",
			"alpha=${7:1},",
			"hue=${8:None},",
			"style=${9:None},",
			"size=${10:None},",
			"palette=${11:None},",
			"legend=${12:True},",
			"xlabel=${13:None},",
			"ylabel=${14:None},",
			"title=${15:None},",
			"xlim=${16:None},",
			"ylin=${17:None},",
			"grid=${18:False},",
		],
		"description": "seaborn, sns.xxxplot(..., *, **kwargs), kwargs",
	},

	"snspg": {
		"prefix": "snspg",
		"body": [
			"g = sns.PairGrid(${1:df}, hue=${2:'col_name'})",
			// "g.map_offdiag(${2:sns.scatterplot})",
			"g.map_diag(${4:sns.histplot})",
			"g.map_upper(${3:sns.kdeplot})",
			"g.map_lower(${5:sns.scatterplot})",
			"g.add_legend()",
			"$0",
		],
		"description": "seaborn, sns.PairGrid(...) template",
	},

	"snsjg": {
		"prefix": "snsjg",
		"body": [
			"g = sns.JointGrid()",
			"x='${2:x}'; y='${3:y}'; hue=${4:None}",
			// "g.plot(${4:sns.scatterplot}, ${5:sns.histplot})",
			// "g.plot_joint(${4:sns.regplot})",
			// "g.plot_marginals(${5:sns.kdeplot})",
			"sns.regplot(${1:df}, x=x, y=y, hue=hue, ax=g.ax_joint)",
			"sns.kdeplot($1, x=x, y=y, hue=hue, ax=g.ax_marg_x)",
			"sns.histplot($1, y=y, hue=hue, ax=g.ax_marg_y)",
			"g.refline(x=${4:10}, y=${5:10})",
			"$0",
		],
		"description": "seaborn, sns.JointGrid(...) template",
	},

	"snscat": {
		"prefix": "snscat",
		"body": [
			"sns.catplot(${1:df}, x=${2:'x'}, y=${3:'y'}, kind='kde')",
		],
		"description": "seaborn, sns.catplot(...)",
	},

	"smsc": {
		"prefix": "smsc",
		"body": [
			"import statsmodels.api as sm",
			"import statsmodels.formula.api as smf",
			"import scipy.special as sc",
			// "from sklearn import linear_model",
			// "from sklearn.preprocessing import PolynomialFeatures",
			// "from sklearn.pipeline import Pipeline",
		],
		"description": "statsmodels, scikit-learn, scipy, big3",
	},

	"smols": {
		"prefix": "smols",
		"body": [
			"coef, resid, _, _ = np.linalg.lstsq(X, y)",
			"smf.ols('Lottery ~ Literacy + np.log(Pop1831)', data=${1:data}).fit()",
		],
		"description": "statsmodels OLS fit",
	},

	"sklsetconfig": {
		"prefix": "sklsetconfig",
		"body": [
			"sklearn.set_config(display='diagram')",
		],
		"description": "scikit-learn, display estimators and pipeline interactively",
	},

	"sklsplit": {
		"prefix": "sklsplit",
		"body": [
			"X_train, X_test, y_train, y_test = model_selection.train_test_split(${1:X}, ${2:y}, test_size=${3:.2}, random_state=${4:0})",
			// "for Model in [GaussianNB, KNeighborsClassifier, LinearSVC]:",
			// "\tclf = Model().fit(X_train, y_train)",
			// "\ty_pred = clf.predict(X_test)",
			// "\tprint('%s : %s ' % (Model.__name__, metrics.f1_score(y_test, y_pred, average='macro')))",
		],
		"description": "scikit-learn, sklearn.model_selection.train_test_split(...)",
	},

	"sklct": {
		"prefix": "sklct",
		"body": [
			"ohe = preprocessing.${1:OneHotEncoder}(handle_unknown='ignore')",
			"imp = impute.SimpleImputer(strategy='${1:median}', add_indicator=${2:False})",
			"ct = compose.ColumnTransformer(",
			"\ttransformers=[",
			"\t\t('encoder', ohe, ['${3:colName1}', '${4:colName2}']),",
			"\t\t('imputer', imp, ['${5:colName3}']),",
			"\t],",
			"\tremainder='passthrough'",
			")",
			"ct.fit_transform(${6:X_train})",
		],
		"description": "scikit-learn, make_column_transform(...)",
	},

	"sklctpmake": {
		"prefix": "sklctpmake",
		"body": [
			"ct = compose.make_column_transformer(",
			"\t(ohe, ['${1:colName1}', '${2:colName2}']),",
			"\t(imp, ['${3:colName3}']),",
			"\tremainder='passthrough'",
			")",
			"pipe = pipeline.make_pipeline(",
			"\tct,",
			"\tneighbors.KNeighborsRegressor(),",
			")",
			"pipe.named_steps",
		],
		"description": "scikit-learn, make_column_transformer(...), make_pipeline(...), functional syntax",
	},

	"sklfps": {
		"prefix": "sklfps",
		"body": [
			"X_train, X_test, y_train, y_test = model_selection.train_test_split(${1:X}, ${2:y}, test_size=.2, random_state=0)",
			"pipe = pipeline.Pipeline([",
			"\t('scale', ${3:preprocessing.StandardScaler()}),",
			"\t('model', ${4:neighbors.KNeighborsRegressor()}),",
			"])",
			"mod = model_selection.GridSearchCV(",
			"\testimator=pipe,",
			"\tparam_grid = {'model__threshold': ${5:np.linspace(0.1, 0.9, 50)}},",
			"\tscoring={",
			"\t\t'precision': metrics.make_scorer(metrics.precision_score),",
			"\t\t'recall': metrics.make_scorer(metrics.recall_score),",
			"\t\t'accuracy': metrics.make_scorer(metrics.accuracy_score)",
			"\t},",
			"\trefit='${6:precision}',",
			"\tcv=${7:5},",
			"\tn_jobs=-1",
			")",
			"mod.fit(X_train, y_train)",
			"y_pred = mod.predict(X_test)",
			"#plot predict vs y_test here",
		],
		"description": "scikit-learn, split dataset, Pipeline model, GrideSearch the best parameters and cross-validation, then fit and predict",
	},

	"sklrscv": {
		"prefix": "sklrscv",
		"body": [
			"rng = np.random.default_rng()",
			"params = {",
			"\t",
			"}",
			"rand = model_selection.RandomizedSearchCV(",
			"\t${1:pipe},",
			"\tparams,",
			"\tn_iter=${2:10},",
			"\tcv=5,",
			"\tscoring='accuracy',",
			"\trandom_state=rng",
			")",
		],
		"description": "scikit-learn, model_selection.RandomizedSearchCV(...)",
	},

	"sklcv": {
		"prefix": "sklcv",
		"body": [
			"cv = model_selection.ShuffleSplit(n_splits=5)",
			"model_selection.cross_val_score(${1:clf}, X, y, cv=cv)",
		],
		"description": "sklearn.model_selection.cross_val_score(...) model",
	},

	"sklcvpipe": {
		"prefix": "sklcvpipe",
		"body": [
			"model_selection.cross_val_score(${1:pipe}, X, y, cv=${2:5}, scoring='${3:accuracy}').mean()",
		],
		"description": "scikit-learn, model_selection.cross_val_score(...) cross-validate entire Pipeline",
	},

	"sklhocv": {
		"prefix": "sklhoxv",
		"body": [
			"for Model in [Ridge, Lasso]:",
			"\tmodel = Model()",
			"\tprint('%s : %s ' % (Model.__name__, model_selection.cross_val_score(model, X, y).mean()))",
		],
		"description": "scikit-learn, Hyperparameter optimization + sklearn.model_selection.cross_val_score(...)",
	},

	"sklhscv": {
		"prefix": "sklhscv",
		"body": [
			"alphas = ${1:np.linspace(-3, -1, 30)}",
			"for Model in [Ridge, Lasso]: # auto Hyperparameter Grid Search",
			"\tgscv = model_selection.GridSearchCV(Model(), dict(alpha=alphas), cv=3).fit(X, y)",
			"\tprint('%s : %s ' % (Model.__name__, gscv.best_params_))\n",
			"for Model in [RidgeCV, LassoCV]: # Hyperparameter cross-validation",
			"\tmodel = Model(alphas=alphas, cv=3).fit(X, y)",
			"\tprint('%s : %s ' % (Model.__name__, model.alpha_))\n",
			"for Model in [RidgeCV, LassoCV]: #🧣nested cross-validation",
			"\tscores = model_selection.cross_val_score(Model(alphas=alphas, cv=3), X, y, cv=3)",
			"\tprint(Model.__name__, np.mean(scores))",
		],
		"description": "scikit-learn, Hyperparameter Grid Search and cross-validation",
	},

	"sklviztSNE": {
		"prefix": "sklviztSNE",
		"body": [
			"X = digits.data[:500]",
			"y = digits.target[:500]\n",
			"def viz_with_tSNE(X, y) -> None:",
			"\ttsne = manifold.TSNE(n_components=2, random_state=0)",
			"\tX_2d = tsne.fit_transform(X)",
			"\tfig, ax = plt.subplots()",
			"\tax.scatter(X_2d[:, 0], X_2d[:, 1], c=y)",
			"viz_with_tSNE(X, y)"
		],
		"description": "scikit-learn, visualize complex embedding with sklearn.manifold.tSNE(...), t Distribution Stochastic Neighbor Embedding; As TSNE cannot be applied to new data, we need to use its fit_transform method.",
	},

	"sklpca": {
		"prefix": "sklpca",
		"body": [
			"spca = decomposition.SparsePCA(n_components=${1:2})",
			"kpca = decomposition.KernelPCA(n_components=${1:2})",
			"proj = spca.fit_transform(${2:digits.data})",
		],
		"description": "scikit-learn, sklearn.decomposition.XXXPCA(...)",
	},

	"sklsvm": {
		"prefix": "sklsvm",
		"body": [
			"clf = svm.SVC(C=${1:5.}, gamma=${2:0.001})",
			"clf.fit(${3:X_train}, ${4:y_train})",
			"y_pred = clf.predict(${5:X_test})",
		],
		"description": "scikit-learn, sklearn.svm.SVC(...)",
	},

	"sklpipe": {
		"prefix": "sklpipe",
		"body": [
			"clf = pipeline.Pipeline([",
			"\t('pca', decomposition.PCA(n_components=${1:150}, whiten=True)),",
			"\t('svm', svm.LinearSVC(C=${2:1.0}))",
			"])",
			"clf.fit(X_train, y_train)",
			"y_pred = clf.predict(X_test)",
			"print(metrics.confusion_matrix(y_pred, y_test))",
		],
		"description": "scikit-learn, sklearn.pipeline.Pipeline(...)",
	},

	"sklpoly": {
		"prefix": "sklpoly",
		"body": [
			"def generating_func(x: array, err: float=0.5) -> array:",
			"\treturn np.random.normal(10 - 1. / (x + 0.1), err)\n",
			"np.random.seed(1)",
			"x = np.random.random(200)",
			"y = generating_func(x, err=1.)",
			"X_train, X_test, y_train, y_test = model_selection.train_test_split(x, y, test_size=.4)",
			"degrees = np.arange(1, 21)\n",
			"def viz_validate_curve(x: array, y: array, degrees: array) -> None:",
			"\tmodel = pipeline.make_pipeline(preprocessing.PolynomialFeatures(degree=2), linear_model.LinearRegression())",
			"\ttrain_scores, validation_scores = model_selection.validation_curve(",
			"\t\tmodel, x[:, np.newaxis], y,",
			"\t\tparam_name='polynomialfeatures__degree',",
			"\t\tparam_range=degrees",
			"\t)",
			"\tplt.plot(degrees, validation_scores.mean(axis=1), label='cross-validation', alpha=.75)",
			"\tplt.plot(degrees, train_scores.mean(axis=1), label='training', alpha=.65)",
			"\tplt.legend(loc=0)",
			"\tplt.title('validation curve')",
			"\tplt.xlabel('degree of fit')",
			"\tplt.ylabel('explained variance')",
			"\treturn",
			"viz_validate_curve(x, y, degrees)",
		],
		"description": "scikit-learn, sklearn.preprocessing.PolynomialFeatures(...), and sklearn.model_selection.validation_curve(...)",
	},

	"sklnm": {
		"prefix": "sklnm",
		"body": [
			"def skl_min_max_scaling(df: pd.DataFrame) -> pd.DataFrame:",
			"\tscaler = MinMaxScaler()",
			"\tscaler.fit(df)",
			"\tscaled = scaler.fit_transform(df)",
			"\treturn pd.DataFrame(",
			"\t\tdata=scaled,",
			"\t\tcolumns=df.columns,",
			"\t\tindex=None,",
			"\t)",
		],
		"description": "scikit-learn, sklearn.preprocessing.MinMaxScaler(...) normalizing"
	},

	"sklpimp": {
		"prefix": "sklpimp",
		"body": [
			"def plot_rfpimp(df: pd.DataFrame, features: list[str], response_variable: str) -> None:",
			"\tdf_train, df_test = model_selection.train_test_split(df, test_size=0.20)",
			"\tdf_train = df_train[features]",
			"\tdf_test = df_test[features]",
			"\tX_train, y_train = df_train.drop(response_variable, axis=1), df_train[response_variable]",
			"\tX_test, y_test = df_test.drop(response_variable, axis=1), df_test[response_variable]",
			"\trf = RandomForestRegressor(n_estimators=100, n_jobs=-1)",
			"\trf.fit(X_train, y_train)",
			"\timp = rfpimp.importances(rf, X_test, y_test)",
			"\tfig, ax = plt.subplots(figsize=(6, 3))",
			"\tax.barh(imp.index, imp['Importance'], height=0.8, facecolor='grey', alpha=0.8, edgecolor='k')",
			"\tax.set_xlabel('Importance score')",
			"\tax.set_title('Permutation feature importance')",
			"\tax.text(0.8, 0.15, 'rfpimp plot', fontsize=12, ha='center', va='center', transform=ax.transAxes, color='grey', alpha=0.5)",
			"\tax.invert_yaxis()",
			"\tfig.tight_layout()",
			"\treturn",
		],
		"description": "scikit-learn, using scikit-learn + rfpimp to plot feature importance",
	},

	"sklquick": {
		"prefix": "sklquick",
		"body": [
			"X_train, X_test, y_train, y_test = model_selection.train_test_split(${1:X}, ${2:y}, test_size=.2, random_state=0)",
			"clf = ${3:naive_bayes.GaussianNB}()",
			"clf.fit(X_train, y_train)",
			"y_pred = clf.predict(X_test)",
			"y_true = y_test",
			"print(metrics.classification_report(y_true, y_pred))",
			"print(metrics.confusion_matrix(y_true, y_pred))",
		],
		"description": "scikit-learn, using sklearn.naive_bayes.GaussianNB(...) to draw a quick baseline classification"
	},

	"sklstd": {
		"prefix": "sklstd",
		"body": [
			"#🌌Standards of model selection",
			"#   🎯High Bias: ",
			"#       1) add more features;",
			"#       2) use a more sophisticated model;",
			"#       3) use fewer samples",
			"#       4) decrease regularization",
			"#   ⚡High Variance",
			"#       1) use fewer features",
			"#       2) use a simpler model",
			"#       3) use more training samples",
			"#       4) increase regularization",
			"#   🔥Caution",
			"#       it is recommended to split the data into three sets.",
			"#       1) [T] training set (~60%)",
			"#       2) [V] validation set (~20%)",
			"#       3) [T] test set (~20%)",
		],
		"description": "scikit-learn, standards of model selection",
	},

	"sklrhyme": {
		"prefix": "sklrhyme",
		"body": [
			"🌌树叶线邻模 + 聚簇降维度",
			"#🌞线脊向量随梯减",
			"#⚡邻高叉解贝叶斯",
			"#🌳树合特采保序回",
			"#😎多类多产半监督",
			"#🥅概率矫正中网模",
		],
		"description": "scikit-learn, supervised learning, mnemonic rhyme",
	},

	"sklrocplot": {
		"prefix": "sklrocplot",
		"body": [
			"fpr, tpr, _ = metrics.roc_curve(${1:y}, ${2:y_pred})",
			"auc = metrics.roc_auc_score($1, $2)",
			"fig, ax = plt.subplots()",
			"ax.plot(fpr, tpr, label=f'AUC={auc}')",
			"ax.set_ylabel('True Positive Rate')",
			"ax.set_xlabel('False Positive Rate')",
			"ax.legend(loc=0)",
		],
		"description": "scikit-learn, compare multiple ROC curvers in a single plot",
	},

	"sklroc": {
		"prefix": "sklroc",
		"body": [
			"#ROC = `Actual` ~ `Prediction`",
			"#| Positive      | Negative      |",
			"#|:--------------|:--------------|",
			"#|True Positive  | False Positive|",
			"#|False Negative | True Negative |",
			"#",
			"#Accuracy & Sensitivity & specificity",
			"#- `Accuracy`         = (TP + TN) / (TP + FP + FN + TN);",
			"#- `Sensitivity`(TPR) = TP / (TP + FN); higher is better -> y-axis",
			"#- `Specificity`(FPR) = FP / (FP + TN); lower is better  -> x-axis",
			"#- `precision`        = TP / (TP + FP): balanced with recall",
			"#- `recall`           = TN / (FN + TN): balanced with preciesion",
		],
		"description": "scikit-learn, construct Receiver Operating Characteristic(ROC) Curve",
	},

	"sklkf": {
		"prefix": "sklkf",
		"body": [
			"kf = model_selection.KFold(n_splits=${1:5}, shuffle=True, random_state=0)",
			"y_pred = []",
			"y_true = []",
			"for train_index, test_index in kf.split(X, y):",
			"\tX_train, x_test = X[train_index], X[test_index]",
			"\ty_train, y_test = y[train_index], y[test_index]",
			"\t# scaling, modeling then predict logic here",
			"\t...",
			"\ty_pred.extend(...)",
			"\ty_true.extend(...)",
			"metrics.accuracy_score(y_pred, y_true)",
		],
		"description": "scikit-learn, model_selection.KFold(...), with regression problem",
	},

	"sklskf": {
		"prefix": "sklskf",
		"body": [
			"skf = model_selection.StratifiedKFold(n_splits=${1:5}, shuffle=True, random_state=0)",
			"y_pred = []",
			"y_true = []",
			"for train_index, test_index in skf.split(X, y):",
			"\tX_train, x_test = X[train_index], X[test_index]",
			"\ty_train, y_test = y[train_index], y[test_index]",
			"\t# scaling, modeling then predict logic here",
			"\t...",
			"\ty_pred.extend(...)",
			"\ty_true.extend(...)",
			"metrics.accuracy_score(y_pred, y_true)",
		],
		"description": "scikit-learn, model_selection.StratifiedKFold(...), with classification problem",
	},

	"skltf": {
		"prefix": "skltf",
		"body": [
			"def func(df: pd.DataFrame) -> pd.DataFrame:",
			"\tpass",
			"tf = preprocessing.FunctionTransformer(func)",
		],
		"description": "scikit-learn, preprocessing.FunctionTransformer(func); 💛similar operation in Pandas",
	},

	"sklfs": {
		"prefix": "sklfs",
		"body": [
			"fs = feature_selection.${1:SelectPercentile}(feature_selection.${2:chi2}, percentile=${3:50})",
			// "pipe = Pipeline.make_pipeline(transformer, fs, mod)",
		],
		"description": "scikit-learn, feature_selection.XXX(...)",
	},

	"sklvote": {
		"prefix": "sklvote",
		"body": [
			"vc = ensemble.${1:VotingClassifier}(",
			"\testimators=[",
			"\t\t('${2:clf1}', clf1),",
			"\t\t('${3:clf2}', clf2),",
			"\t],",
			"\tvoting='${4:soft}',",
			")",
			"model_selection.cross_val_score(vc, X, y).mean()",
			"params = {",
			"\t'voting': ['hard','soft'],",
			"\t'weights': [(1,1,1),(2,1,1),(1,2,1),(1,1,2)]",
			"}",
			"grid = model_selection.GridSearchCV(vc, params)",
			"grid.fit(X, y)",
			"grid.best_params_",
		],
		"description": "scikit-learn, ensemble.VotingXXX(...), create multiple models and ensemble them to improve classifier's accuracy "
	},

	"skltune": {
		"prefix": "skltune",
		"body": [
			"pipe = pipeline.Pipeline([",
			"\t('preprocessor', ct),",
			"\t('classifier', clf1),",
			"])",
			"params1 = {",
			"\t'preprocessor__vectoriser__ngram_range': [(1, 1), (1, 2)],",
			"\t'classifier__penalty' : ['l1', 'l2'],",
			"\t'classifier' : [clf1],",
			"}",
			"params2 = {",
			"\t'preprocessor__vectoriser__ngram_range': [(1, 1), (1, 2)],",
			"\t'preprocessor__n_estimators': [100, 200],",
			"\t'classifier__min_samples_leaf' : [1, 2],",
			"\t'classifier' : [clf2],",
			"}",
			"params = [params1, params2]",
			"grid = model_selection.GridSearchCV(pipe, params)",
			"grid.fit(X, y)",
			"grid.best_params_",
			"means = grid.cv_results_['mean_test_score']",
			"params_summary = grid.cv_results_['params']",
			"df = pd.DataFrame(list(zip(means, params_summary)), columns=['mean_score', 'parameters'])",
		],
		"description": "scikit-learn, tune 2+ models usinng the same grid search",
	},

	"sklnn": {
		"prefix": "sklnn",
		"body": [
			"mlpc = neural_network.${1:MLPClassifier}(hidden_layer_sizes=(${2:11}, $2, $2), max_iter=500)",
		],
		"description": "scikit-learn, neural_network(...)",
	},

	"sklcommonparams": {
		"prefix": "sklcommonparams",
		"body": [
			"n_estimators=${1:100}",
			"max_depth=${2:None}",
			"learning_rate=${3:.1}",
			"C=${1:1.}",
			"alpha=${5:1.}",
			"kernel=${6:'rbf'}",
			"n_neighbors=${7:5}",
			"hidden_layer_sizes=${8:100}",
			"max_iter=${9:1000}",
			"random_state=${10:None}",
		],
		"description": "scikit-learn, common parameters for reference",
	},

	"dpfactory": {
		"prefix": "dpfactory",
		"body": [
			"class IFactory(metaclass=ABCMeta):",
			"\t@abstractmethod",
			"\tdef ${1:drawable}(self) -> T:",
			"\t\traise NotImplementedError$0",
		],
		"description": "Practical Design Pattern, Factory",
	},

	"dpabstractfactory": {
		"prefix": "dpabstractfactory",
		"body": [
			"class AbsFactory(ABC):",
			"\t@abstractmethod",
			"\tdef make_product_a(self) -> AbsProductA:",
			"\t\traise NotImplementedError\n",
			"\t@abstractmethod",
			"\tdef make_product_b(self) -> AbsProductB:",
			"\t\traise NotImplementedError$0",
		],
		"description": "Practical Design Pattern, Abstract Factory",
	},

	"dpbuilder": {
		"prefix": "dpbuilder",
		"body": [
			"class IBuilder(ABC):",
			"\t@abstractmethod",
			"\tdef reset(self) -> None:",
			"\t\traise NotImplementedError\n",
			"\t@property",
			"\t@abstractmethod",
			"\tdef ${1:product}(self) -> T:",
			"\t\traise NotImplementedError\n",
			"\t@abstractmethod",
			"\tdef ${2:product_part_a}(self) -> None:",
			"\t\traise NotImplementedError\n",
			"\t@abstractmethod",
			"\tdef ${3:product_part_b}(self) -> None:",
			"\t\traise NotImplementedError\n",
			"\t@abstractmethod",
			"\tdef ${4:product_part_c}(self) -> None:",
			"\t\traise NotImplementedError$0\n",
		],
		"description": "Practical Design Pattern, Builder",
	},

	"dpprototype": {
		"prefix": "dpprototype",
		"body": [
			"class Prototype(ABCMeta):",
			"\tdef __init__(self, ${1:value_type}, ${2:ref_type}, ${3:circular_ref}):",
			"\t\tself.$1 = $1",
			"\t\tself.$2 = $2",
			"\t\tself.$3 = $3\n",
			"\t@abstractmethod",
			"\tdef __copy__(self):",
			"\t\t$2 = copy.copy(self.$2)",
			"\t\t$3 = copy.copy(self.$3)",
			"\t\tnew = self.__class__(self.$1, $2, $3)",
			"\t\tnew.__dict__.update(self.__dict__)",
			"\t\treturn new\n",
			"\t@abstractmethod",
			"\tdef __deepcopy__(self, memo=None):",
			"\t\tif memo is None:",
			"\t\t\tmemo = {}",
			"\t\t# First, let's create copies of the nested objects.",
			"\t\t$2 = copy.deepcopy(self.$2, memo)",
			"\t\t$3 = copy.deepcopy(self.$3, memo)",
			"\t\t# Then, let's clone the object itself, using the prepared clones of the",
			"\t\t# nested objects.",
			"\t\tnew = self.__class__(self.$1, $2, $3)",
			"\t\tnew.__dict__ = copy.deepcopy(self.__dict__, memo)",
			"\t\treturn new",
		],
		"description": "Practical Design Pattern, Prototype",
	},

	"dpsinglton": {
		"prefix": "dpsinglton",
		"body": [
			"class SingletonMeta(type):",
			"\t_instances = {}",
			"\tdef __call__(cls, *args, **kwargs):",
			"\t\tif cls not in cls._instances:",
			"\t\t\tinstance = super().__call__(*args, **kwargs)",
			"\t\t\tcls._instances[cls] = instance",
			"\t\treturn cls._instances[cls]",
		],
		"description": "Practical Design Pattern, Singleton",
	},

	"dpadaptor": {
		"prefix": "dpadaptor",
		"body": [
			"class Target:",
			"\tdef request(self) -> str:",
			"\t\treturn 'Target: The default target's behavior.'\n",
			"class Adaptee:",
			"\tdef specific_request(self) -> str:",
			"\t\treturn '.eetpadA eht fo roivaheb laicepS'\n",
			"class Adapter(Target):",
			"\tdef __init__(self, adaptee: Adaptee) -> None:",
			"\t\tself.adaptee = adaptee\n",
			"\tdef request(self) -> str:",
			"\t\treturn f'Adapter: (TRANSLATED) {self.adaptee.specific_request()[::-1]}'",
		],
		"description": "Practical Design Pattern, Adaptor",
	},

	"dpbridge": {
		"prefix": "dpbridge",
		"body": [
			"class Abstraction:",
			"\tdef __init__(self, implementation: Implementation) -> None:",
			"\t\tself.implementation = implementation\n",
			"\tdef operation(self) -> str:",
			"\t\treturn f'Abstraction: Base operation with:\n{self.implementation.operation_implementation()}'\n",
			"class ExtendedAbstraction(Abstraction):",
			"\tdef operation(self) -> str:",
			"\t\treturn f'ExtendedAbstraction: Extended operation with:\n{self.implementation.operation_implementation()}'\n",
			"class Implementation(ABC):",
			"\t@abstractmethod",
			"\tdef operation_implementation(self) -> str:",
			"\t\tpass",
		],
		"description": "Practical Design Pattern, Bridge",
	},

	"dpcomposite": {
		"prefix": "dpcomposite",
		"body": [
			"class Component(ABC):",
			"\t@property",
			"\tdef parent(self) -> Component:",
			"\t\treturn self._parent\n",
			"\t@parent.setter",
			"\tdef parent(self, parent: Component):",
			"\t\tself._parent = parent\n",
			"\tdef add(self, component: Component) -> None:",
			"\t\tpass\n",
			"\tdef remove(self, component: Component) -> None:",
			"\t\tpass\n",
			"\tdef is_composite(self) -> bool:",
			"\t\treturn False\n",
			"\t@abstractmethod",
			"\tdef operation(self) -> str:",
			"\t\tpass",
		],
		"description": "Practical Design Pattern, Composite",
	},

	"dpfacade": {
		"prefix": "dpfacade",
		"body": [
			"class Facade:",
			"\t@staticmethod",
			"\tdef make_customer() -> Customer:",
			"\t\treturn Customer()\n   ",
			"\t@staticmethod",
			"\tdef make_invoice() -> Invoice:",
			"\t\treturn Invoice()\n",
			"\t@staticmethod",
			"\tdef make_product() -> Product:",
			"\t\treturn Product()",
		],
		"description": "Practical Design Pattern, Facade",
	},

	"dpflyweight": {
		"prefix": "dpflyweight",
		"body": [
			"class Flyweight:",
			"\tdef __init__(self, shared: str) -> None:",
			"\t\tself._shared = shared\n",
			"\tdef operate(self, unique: str) -> None:",
			"\t\ts = json.dumps(self._shared)",
			"\t\tu = json.dumps(unique)",
			"\t\tprint(f'{self.__class__}: shared -> ({s}), unique -> ({u})')",			
		],
		"description": "Practical Design Pattern, Flyweight",
	},

	"dpproxy": {
		"prefix": "dpproxy",
		"body": [
			"class ProxyMath:",
			"\tdef __init__(self, m: Math, attr: str) -> None:",
			"\t\tself._m = m",
			"\t\tfunc = getattr(m, attr)",
			"\t\tsetattr(self._m, attr, memoir(func))\n",
			"\tdef __getattr__(self, attr: str) -> Any:",
			"\t\treturn getattr(self._m, attr)",			
		],
		"description": "Practical Design Pattern, Proxy",
	},

	"dpcommand": {
		"prefix": "dpcommand",
		"body": [
			"class Command:",
			"\tdef __init__(self, rec: Receiver, req: str) -> None:",
			"\t\tself._rec = rec",
			"\t\tself._req = req\n",
			"\tdef execute(self) -> Any:",
			"\t\treturn self._rec.handle(self._req)",
		],
		"description": "Practical Design Pattern, Command",
	},

	"dpchain": {
		"prefix": "dpchain",
		"body": [
			"class IHandler(ABC):",
			"\t@abstractmethod",
			"\tdef next(self, handler: IHandler) -> IHandler:",
			"\t\traise NotImplementedError\n",
			"\t@abstractmethod",
			"\tdef handle(self, request: str) -> Optional[str]:",
			"\t\traise NotImplementedError$0",
		],
		"description": "Practical Design Pattern, Chain",
	},

	"dpiterator": {
		"prefix": "dpiterator",
		"body": [
			"class AlphabeticIterator(Iterator):",
			"\t\treverse: bool = False",
			"\t\tposition: int = None\n",
			"\tdef __init__(self, wi: WorldIterable, reverse: bool=False) -> None:",
			"\t\tself._wi = wi",
			"\t\tself._reverse = reverse",
			"\t\tself._position = -1 if reverse else 0\n",
			"\tdef __next__(self) -> Any:",
			"\t\ttry:",
			"\t\t\tres = self._wi[self._position]",
			"\t\t\tself._position += -1 if self._reverse else 1",
			"\t\texcept IndexError:",
			"\t\t\traise StopIteration",
			"\t\treturn res",
		],
		"description": "Practical Design Pattern, Iterator",
	},

	"dpmediator": {
		"prefix": "dpmediator",
		"body": [
			"class IMediator(ABC):",
			"\t@abstractmethod",
			"\tdef notify(self, comp: IComponent, event: str) -> None:",
			"\t\traise NotImplementedError$0",
		],
		"description": "Practical Design Pattern, Mediator",
	},

	"dpobserver": {
		"prefix": "dpobserver",
		"body": [
			"class ISubject(ABC):",
			"\t@abstractmethod",
			"\tdef attach(self, ob: IObserver) -> None:",
			"\t\traise NotImplementedError\n",
			"\t@abstractmethod",
			"\tdef detach(self, ob: IObserver) -> None:",
			"\t\traise NotImplementedError\n",
			"\t@abstractmethod",
			"\tdef operate(self) -> None:",
			"\t\traise NotImplementedError\n",
			"\t@abstractmethod",
			"\tdef notify(self) -> None:",
			"\t\traise NotImplementedError$0",
		],
		"description": "Practical Design Pattern, Observer",
	},

	"dpmemento": {
		"prefix": "dpmemento",
		"body": [
			"class IMemento(ABC):",
			"\t@abstractmethod",
			"\tdef get_date(self) -> str:",
			"\t\traise NotImplementedError\n",
			"\t@abstractmethod",
			"\tdef get_info(self) -> str:",
			"\t\traise NotImplementedError\n",
			"\t@abstractmethod",
			"\tdef get_state(self) -> str:",
			"\t\traise NotImplementedError$0",
		],
		"description": "Practical Design Pattern, Memento",
	},

	"dpstate": {
		"prefix": "dpstate",
		"body": [
			"class IState(ABC):",
			"\t@property",
			"\tdef context(self) -> Context:",
			"\t\treturn self._context\n",
			"\t@context.setter",
			"\tdef context(self, val: Context) -> None:",
			"\t\tself._context = val\n",
			"\t@abstractmethod",
			"\tdef do_this(self) -> None:",
			"\t\traise NotImplementedError\n",
			"\t@abstractmethod",
			"\tdef do_that(self) -> None:",
			"\t\traise NotImplementedError$0",
		],
		"description": "Practical Design Pattern, State",
	},

	"dpstrategy": {
		"prefix": "dpstrategy",
		"body": [
			"class Executor:",
			"\tdef __init__(self, func: Callable=None) -> None:",
			"\t\tif not func:",
			"\t\t\traise ValueError",
			"\t\tself._func = func\n",
			"\tdef execute(self, *args: Any, **kwargs: Any) -> Any:",
			"\tt\return self._func(*args, **kwargs)",
		],
		"description": "Practical Design Pattern, Strategy",
	},

	"dptemplate": {
		"prefix": "dptemplate",
		"body": [
			"class Template(ABC):",
			"\tdef operate(self) -> None:",
			"\t\tself.step_01()",
			"\t\tself.step_02()",
			"\t\tself.step_03()",
			"\t\tself.hook_01()",
			"\t\tself.required_step_01()",
			"\t\tself.required_step_01()",
			"\t\tself.hook_02()\n",
			"\tdef step_01(self) -> None:",
			"\t\tpass",
			"\tdef step_02(self) -> None:",
			"\t\tpass",
			"\tdef step_03(self) -> None:",
			"\t\tpass",
			"\tdef hook_01(self) -> None:",
			"\t\tpass",
			"\tdef hook_02(self) -> None:",
			"\t\tpass\n",
			"\t@abstractmethod",
			"\tdef required_step_01(self) -> None:",
			"\t\traise NotImplementedError",
			"\t@abstractmethod",
			"\tdef required_step_01(self) -> None:",
			"\t\traise NotImplementedError$0",
		],
		"description": "Practical Design Pattern, Template",
	},

	"dpvisitor": {
		"prefix": "dpvisitor",
		"body": [
			"class Visitor:",
			"\t@overload",
			"\tdef visit(self, d: Dot) -> None: ...\n",
			"\t@overload",
			"\tdef visit(self, s: Shape) -> None: ...\n",
			"\tdef visit(self, f: Dot | Shape) -> None:",
			"\t\tprint(f'{self.__class__.__name__} visited {f.__class__.__name__}')",
		],
		"description": "Practical Design Pattern, Visitor",
	},

	"dbconn": {
		"prefix": "dbconn",
		"body": [
			"with sqlite3.connect('test.db') as conn:",
			"\tcur = conn.cursor()",
			"# business logic here"
		],
		"description": "Database Connection",
	},

	"dbtbl": {
		"prefix": "dbtbl",
		"body": [
			"@contextlib.contextmanager",
			"def temporary_table(cur):",
			"\t# create",
			"\tcur.execute('CREATE TABLE ${1:points}(x int, y int);')",
			"\ttry:",
			"\t\tyield",
			"\tfinally:",
			"\t\t# drop",
			"\t\tcur.execute('DROP TABLE $1;')",
		],
		"description": "Database, temporary table",
	},

	"dbinsert": {
		"prefix": "dbinsert",
		"body": [
			"cur.execute('INSERT INTO ${1:points}(x, y) VALUES(1, 1);')",
		],
		"description": "Database, insert",
	},

	"dbselect": {
		"prefix": "dbselect",
		"body": [
			"for row in cur.execute('SELECT x, y from ${1:points};'):",
            "\tprint(row)",
		],
		"description": "Database, select",
	},

	"monadsfunc": {
		"prefix": "monadsfunc",
		"body": [
			"class ${1:IMonadsContainer}:",
			"\tpass\n",
			"def wrappedWithMonads(x: ${2:int}) -> $1:",
			"\treturn $1()\n",
			"def operate(x: ${2:int}) -> $1:",
			"\treturn $1()\n",
			"def handle(x: ${2:int}) -> $1:",
			"\treturn $1()\n",
			"def runWithMonads(input: $1, transform: Callable[..., $1]) -> $1:",
			"\treturn $1()\n",
		],
		"description": "Monads pattern, wrapped Type, wrapped function, run",
	},

}