{
	"pvm": {
		"prefix": "pvm",
		"body": [
			"${1:f} <- function($2) {",
			"\t$0",
			"}",
		],
		"description": "R, function",
	},

	"rforeach" : {
		"prefix": "rforeach",
		"body": [
			"for(${1:var} in ${2:collection}) {",
			"\t$0",
			"}",
		],
		"description": "R, for_each",
	},

	"rwhile": {
		"prefix": "rwhile",
		"body": [
			"while (${1:condi}) {",
			"\t$0",
			"}",
		],
		"description": "R, while loop",
	},

	"rrepeat": {
		"prefix": "rrepeat",
		"body": [
			"repeat {",
			"\tif (${1:condi}) {",
			"\t\t$0",
			"\t\tbreak",
			"\t} else {};",
			"}",
		],
		"description": "R, repeat",
	},

	"rdf": {
		"prefix": "rdf",
		"body": [
			"df <- data.frame(",
			"\t${1:x}=1:3,",
			"\t${2:y}=c('a','b','c'),",
			"\t${3:z}=12:14",
			")",
		],
		"description": "R, data.frame, ctor",
	},

	"rmbind_cols": {
		"prefix": "rmbind_cols",
		"body": [
			"bind_cols(${1:df1}, ${2:df2})",
		],
		"description": "R, matrix, bind_cols, hstack",
	},

	"rmbind_rows": {
		"prefix": "rmbind_rows",
		"body": [
			"bind_rows(${1:df1}, ${2:df2})",
		],
		"description": "R, matrix, bind_rows, vstack",
	},

	"rmfilter": {
		"prefix": "rmfilter",
		"body": [
			"filter(${1:df}, x=${2:condi})",
		],
		"description": "R, matrix, filter, mask",
	},

	"rmdistinct": {
		"prefix": "rmdistinct",
		"body": [
			"distinct(df, ${1:z})",
		],
		"description": "R, matrix, distinct, unique",
	},

	"rmdslice": {
		"prefix": "rmdslice",
		"body": [
			"slice(df, ${1:10}:${2:15})",
		],
		"description": "R, matrix, slice, select rows by position",
	},

	"rmdslicemax": {
		"prefix": "rmdslicemax",
		"body": [
			"slice_max(df, ${1:z}, prop=0.25)",
		],
		"description": "R, matrix, slicemax, select rows with the highest values",
	},

	"rmpull": {
		"prefix": "rmpull",
		"body": [
			"pull(df, ${1:y})",
		],
		"description": "R, matrix, pull, Extracts column values as a vector, by name or index",
	},

	"rmselect": {
		"prefix": "rmselect",
		"body": [
			"select(df, ${1:x}, ${2:y})",
		],
		"description": "R, matrix, pull, Extracts columns as a table",
	},

	"rmrelocate": {
		"prefix": "rmrelocate",
		"body": [
			"relocate(df, ${1:x}, .after = last_col())",
		],
		"description": "R, matrix, pull, Moves columns to a new position",
	},

	"rmrename": {
		"prefix": "rmrename",
		"body": [
			"rename(df, ${1:'age'} = ${2:z})",
		],
		"description": "R, matrix, pull, Renames columns",
	},

	"rmarrange": {
		"prefix": "rmarrange",
		"body": [
			"arrange(df, desc(${1:x}))",
		],
		"description": "R, matrix, pull, Orders rows by values of a column from high to low",
	},

	"rmsummarise": {
		"prefix": "rmsummarise",
		"body": [
			"summarise(df, total = sum(${1:x}))",
		],
		"description": "R, matrix, pull, Computes table of summaries",
	},

	"rmgroupby": {
		"prefix": "rmgroupby",
		"body": [
			"df %>% ",
			"\tgroup_by(${1:z}) %>% ",
			"\tsummarise(total = sum(${2:x}))",
		],
		"description": "R, matrix, pull, Use group_by() to create a rouped copy of a table grouped by columns (similarly to a pivot table in spreadsheets). dplyr functions will then manipulate each group separately and combine the results",
	}
}