{
	"pgsqlscalar": {
		"prefix": "sqlscalar",
		"body": [
			"CREATE OR REPLACE FUNCTION ${1:calculate_discount}(price NUMERIC, discount NUMERIC)",
			"RETURNS NUMERIC AS $$",
			"BEGIN",
			"\tRETURN price * (1 - discount);",
			"END;",
			"$$ LANGUAGE plpgsql;",
		],
		"description": "pgsql, user-defined function, scalar",
	},

	"pgsqltblval": {
		"prefix": "sqltblval",
		"body": [
			"CREATE OR REPLACE FUNCTION ${1:get_customers_by_city}(city_name VARCHAR)",
			"RETURNS TABLE (customer_id INT, customer_name VARCHAR, city VARCHAR) AS $$",
			"BEGIN",
			"\tRETURN QUERY SELECT customer_id, customer_name, city FROM customers WHERE city ILIKE city_name;",
			"END;",
			"$$ LANGUAGE plpgsql;",
		],
		"description": "pqsql, user-defined function, table-value",
	},

	"pgsqlagg": {
		"prefix": "sqlagg",
		"body": [
			"CREATE OR REPLACE FUNCTION ${1:calculate_average_salary}()",
			"RETURNS FLOAT AS $$",
			"DECLARE",
			"\tavg_salary FLOAT;",
			"BEGIN",
			"\tSELECT AVG(salary) INTO avg_salary FROM employees;",
			"\tRETURN avg_salary;",
			"END;",
			"$$ LANGUAGE plpgsql;",
		],
		"description": "pgsql, user-defined function, aggregate",
	},

	"pgsqlstore": {
		"prefix": "sqlstore",
		"body": [
			"CREATE OR REPLACE PROCEDURE ${1:update_employee_salary}(emp_id INT, new_salary NUMERIC) AS $$",
			"BEGIN",
			"\tUPDATE employees SET salary = new_salary WHERE employee_id = emp_id;",
			"\tCOMMIT;",
			"END;",
			"$$ LANGUAGE plpgsql;",
		],
		"description": "pgsql, user-defined function, store procedure",
	},

	"pgsqlcte": {
		"prefix": "pgsqlcte",
		"body": [
			"WITH ${1:tbl_name}(${2:c1}, ${3:c2}) AS (",
			"\t--subquery from some table",
			"\t$0",
			")",
			"TABLE $1"
		],
		"description": "pgsql, CTE",
	},

	"pqsqltypes": {
		"prefix": "pgsqltypes",
		"body": [
			"SELECT string_agg(t.typname, ' ')",
			"FROM pg_catalog.pg_type AS t",
			"WHERE t.typelem = 0 AND t.typrelid = 0;",
		],
		"description": "pgsql, built-in data types",
	},

	"pgsqldatestyle": {
		"prefix": "pgsqldatestype",
		"body": [
			"ALTER DATABASE ${1:database_name} SET datestyle TO 'ISO, MDY';"
		],
		"description": "pgsql, set datestyle",
	},

	"pgsqlenum": {
		"prefix": "pgsqlenum",
		"body": [
			"CREATE TYPE ${1:typname} AS ENUM ('${2:v1}', '${3:v2}', '${4:v3}');"
		],
		"description": "pgsql, custome data type",
	},

	"pgsqlconstraints": {
		"prefix": "pgsqlconstraints",
		"body": [
			"--🌌P U A, N F C",
			"--🍎N T C: similar to variable declarationn; col_name, data type, constraint, initialization",
		],
		"description": "pgsql, constraints",
	},

	"pgsqlfunc": {
		"prefix": "pgsqlfunc",
		"body": [
			"CREATE FUNCTION ${1:func}(x time, y time) RETURNS ${2:float8} AS",
			"'SELECT EXTRACT(EPOCH FROM (x - y))' LANGUAGE sql STRICT IMMUTABLE;",
		],
		"description": "pgsql, function",
	},

	"pgsqlrange": {
		"prefix": "pgsqlrange",
		"body": [
			"CREATE TYPE ${1:timerange} AS RANGE (",
			"    subtype = ${2:time},",
			"    subtype_diff = ${3:func}",
			");",
		],
		"description": "pgsql, create range type",
	},
	
}